Rk,Player,Pos,Squad,Age,Born,90s,Tkl,TklW,Def 3rd,Mid 3rd,Att 3rd,Tkl,Att,Tkl%,Lost,Blocks,Sh,Pass,Int,Tkl+Int,Clr,Err,Matches
1,Che Adams,FW,sct Scotland,27,1996,2.3,2,1,1,1,0,1,1,100.0,0,2,0,2,1,3,0,0,Matches
2,Michel Aebischer,DF,ch Switzerland,27,1997,5.3,4,3,2,2,0,1,11,9.1,10,3,1,2,2,6,7,0,Matches
3,Arlind Ajeti,DF,al Albania,30,1993,3.0,1,0,0,1,0,1,3,33.3,2,5,4,1,6,7,13,0,Matches
4,Manuel Akanji,DF,ch Switzerland,28,1995,5.3,2,2,2,0,0,1,2,50.0,1,6,6,0,4,6,22,0,Matches
5,Samet Akaydın,DF,tr Türkiye,29,1994,3.7,8,4,8,0,0,6,8,75.0,2,5,5,0,7,15,16,0,Matches
6,Nathan Aké,DF,nl Netherlands,28,1995,5.2,7,5,7,0,0,4,7,57.1,3,4,3,1,6,13,14,0,Matches
7,Yunus Akgün,FW,tr Türkiye,23,2000,0.8,2,1,1,1,0,2,2,100.0,0,1,0,1,0,2,0,0,Matches
8,Kerem Aktürkoğlu,"FW,MF",tr Türkiye,25,1998,1.2,1,1,1,0,0,1,2,50.0,1,1,0,1,1,2,3,0,Matches
9,Trent Alexander-Arnold,"MF,DF",eng England,25,1998,1.5,1,0,1,0,0,0,1,0.0,1,4,2,2,2,3,3,1,Matches
10,Denis Alibec,FW,ro Romania,33,1991,0.3,0,0,0,0,0,0,0,,0,0,0,0,0,0,0,0,Matches
11,Barış Alper Yılmaz,FW,tr Türkiye,23,2000,5.0,5,0,0,3,2,1,3,33.3,2,1,0,1,0,5,1,0,Matches
12,Sandro Altunashvili,MF,ge Georgia,26,1997,0.6,0,0,0,0,0,0,0,,0,0,0,0,0,0,3,1,Matches
13,Zeki Amdouni,"MF,FW",ch Switzerland,23,2000,0.6,0,0,0,0,0,0,2,0.0,2,0,0,0,0,0,1,0,Matches
14,Joachim Andersen,DF,dk Denmark,27,1996,4.0,5,1,2,3,0,3,3,100.0,0,4,1,3,2,7,11,0,Matches
15,Robert Andrich,MF,de Germany,29,1994,3.5,12,8,8,4,0,5,7,71.4,2,3,1,2,2,14,12,0,Matches
16,Waldemar Anton,DF,de Germany,27,1996,0.4,0,0,0,0,0,0,0,,0,0,0,0,0,0,2,0,Matches
17,Stuart Armstrong,MF,sct Scotland,31,1992,0.2,1,0,1,0,0,0,0,,0,0,0,0,0,1,0,0,Matches
18,Marko Arnautović,FW,at Austria,34,1989,3.1,2,1,0,1,1,1,1,100.0,0,1,0,1,0,2,2,0,Matches
19,Jasir Asani,FW,al Albania,28,1995,2.3,3,1,3,0,0,1,7,14.3,6,1,0,1,4,7,4,0,Matches
20,Kristjan Asllani,MF,al Albania,21,2002,3.0,1,1,1,0,0,0,2,0.0,2,0,0,0,3,4,6,0,Matches
21,Kaan Ayhan,"MF,DF",tr Türkiye,29,1994,4.0,6,3,3,2,1,4,10,40.0,6,5,0,5,2,8,17,0,Matches
22,Alex Baena,"MF,FW",es Spain,22,2001,0.3,1,1,1,0,0,1,3,33.3,2,0,0,0,0,1,0,0,Matches
23,Alexander Bah,"DF,MF",dk Denmark,26,1997,3.1,4,4,2,1,1,4,8,50.0,4,1,0,1,5,9,5,0,Matches
24,Nedim Bajrami,"FW,MF",al Albania,24,1999,2.7,3,1,2,1,0,0,2,0.0,2,1,0,1,0,3,1,0,Matches
25,Johan Bakayoko,"FW,DF",be Belgium,20,2003,0.5,2,1,1,1,0,0,3,0.0,3,0,0,0,0,2,0,0,Matches
26,Jure Balkovec,DF,si Slovenia,29,1994,1.3,6,3,2,3,1,2,5,40.0,3,2,0,2,2,8,8,0,Matches
27,Iván Balliu,DF,al Albania,32,1992,1.0,0,0,0,0,0,0,0,,0,1,1,0,2,2,2,0,Matches
28,Nicușor Bancu,DF,ro Romania,31,1992,3.0,2,2,2,0,0,1,1,100.0,0,6,2,4,0,2,11,0,Matches
29,Antonín Barák,MF,cz Czechia,29,1994,0.5,1,1,0,0,1,0,1,0.0,1,0,0,0,0,1,0,0,Matches
30,Bradley Barcola,"FW,MF",fr France,21,2002,1.1,4,4,1,1,2,1,4,25.0,3,6,0,6,0,4,0,0,Matches
31,Abdülkerim Bardakcı,DF,tr Türkiye,29,1994,4.0,4,2,4,0,0,3,6,50.0,3,5,3,2,2,6,20,0,Matches
32,Nicolò Barella,MF,it Italy,26,1997,3.7,10,5,3,7,0,5,8,62.5,3,3,0,3,3,13,2,1,Matches
33,Alessandro Bastoni,DF,it Italy,24,1999,4.0,5,2,2,3,0,2,3,66.7,1,4,2,2,1,6,17,0,Matches
34,Martin Baturina,FW,hr Croatia,20,2003,0.1,1,1,0,1,0,0,0,,0,0,0,0,0,1,0,0,Matches
35,Christoph Baumgartner,"MF,FW",at Austria,24,1999,3.2,4,1,2,1,1,1,2,50.0,1,1,0,1,1,5,3,0,Matches
36,Altay Bayındır,GK,tr Türkiye,25,1998,1.0,0,0,0,0,0,0,0,,0,0,0,0,0,0,0,0,Matches
37,Jan Bednarek,DF,pl Poland,27,1996,3.0,2,1,2,0,0,2,6,33.3,4,8,7,1,3,5,13,0,Matches
38,Maximilian Beier,FW,de Germany,21,2002,0.3,0,0,0,0,0,0,0,,0,0,0,0,0,0,0,0,Matches
39,Jude Bellingham,"MF,FW",eng England,20,2003,7.4,15,11,3,5,7,2,9,22.2,7,7,1,6,4,19,7,1,Matches
40,László Bénes,MF,sk Slovakia,26,1997,0.8,1,1,0,0,1,1,1,100.0,0,0,0,0,0,1,1,0,Matches
41,Bartosz Bereszyński,DF,pl Poland,31,1992,0.1,0,0,0,0,0,0,0,,0,0,0,0,0,0,0,0,Matches
42,Steven Bergwijn,FW,nl Netherlands,26,1997,1.0,0,0,0,0,0,0,1,0.0,1,1,0,1,0,0,1,0,Matches
43,Medon Berisha,MF,al Albania,20,2003,0.2,0,0,0,0,0,0,0,,0,0,0,0,1,1,0,0,Matches
44,Victor Bernth Kristiansen,"DF,MF",dk Denmark,21,2002,1.7,4,3,3,1,0,1,2,50.0,1,2,0,2,0,4,4,1,Matches
45,Matúš Bero,"MF,DF",sk Slovakia,28,1995,0.5,1,1,0,1,0,0,0,,0,0,0,0,1,2,0,0,Matches
46,Jaka Bijol,DF,si Slovenia,24,1999,4.3,11,6,10,1,0,5,6,83.3,1,10,7,3,6,17,38,0,Matches
47,Veljko Birmančević,DF,rs Serbia,25,1998,0.3,0,0,0,0,0,0,0,,0,0,0,0,2,2,0,0,Matches
48,Daley Blind,FW,nl Netherlands,33,1990,0.0,0,0,0,0,0,0,0,,0,0,0,0,0,0,0,0,Matches
49,Bendegúz Bolla,DF,hu Hungary,24,1999,2.3,4,3,3,0,1,2,4,50.0,2,3,1,2,1,5,9,0,Matches
50,Endre Botka,DF,hu Hungary,29,1994,1.0,3,1,2,1,0,1,1,100.0,0,0,0,0,1,4,3,0,Matches
51,Jarrod Bowen,FW,eng England,27,1996,0.4,1,1,0,1,0,0,1,0.0,1,1,0,1,1,2,1,0,Matches
52,Róbert Boženík,FW,sk Slovakia,24,1999,2.3,3,3,0,3,0,0,1,0.0,1,1,0,1,0,3,3,0,Matches
53,Volodymyr Brazhko,MF,ua Ukraine,22,2002,2.0,8,5,5,3,0,1,1,100.0,0,2,1,1,5,13,4,0,Matches
54,David Brekalo,MF,si Slovenia,25,1998,0.0,0,0,0,0,0,0,0,,0,0,0,0,0,0,2,0,Matches
55,Brian Brobbey,FW,nl Netherlands,21,2002,0.0,0,0,0,0,0,0,0,,0,0,0,0,0,0,0,0,Matches
56,Armando Broja,FW,al Albania,22,2001,1.2,1,1,0,0,1,0,0,,0,0,0,0,0,1,1,0,Matches
57,Marcelo Brozović,MF,hr Croatia,31,1992,2.5,1,0,1,0,0,0,2,0.0,2,3,1,2,4,5,4,0,Matches
58,Jacob Bruun Larsen,FW,dk Denmark,25,1998,0.1,0,0,0,0,0,0,0,,0,0,0,0,0,0,0,0,Matches
59,Ante Budimir,FW,hr Croatia,32,1991,1.4,2,2,0,1,1,1,1,100.0,0,3,1,2,0,2,2,0,Matches
60,Adam Buksa,FW,pl Poland,27,1996,1.7,0,0,0,0,0,0,0,,0,4,0,4,0,0,3,0,Matches
61,Andrei Burcă,DF,ro Romania,30,1993,4.0,4,2,3,1,0,3,4,75.0,1,7,4,3,1,5,23,0,Matches
62,Riccardo Calafiori,DF,it Italy,21,2002,3.0,3,1,3,0,0,2,6,33.3,4,2,1,1,6,9,9,0,Matches
63,Hakan Çalhanoğlu,MF,tr Türkiye,29,1994,3.9,5,4,3,2,0,3,6,50.0,3,3,1,2,1,6,6,0,Matches
64,Eduardo Camavinga,MF,fr France,21,2002,1.9,5,2,3,1,1,2,5,40.0,3,9,1,8,1,6,5,0,Matches
65,Andrea Cambiaso,"FW,DF",it Italy,23,2000,0.8,4,4,4,0,0,3,4,75.0,1,1,1,0,0,4,0,0,Matches
66,Emre Can,MF,de Germany,30,1994,1.1,4,3,2,2,0,2,2,100.0,0,2,2,0,1,5,2,0,Matches
67,João Cancelo,"DF,MF",pt Portugal,29,1994,3.8,6,4,2,2,2,4,8,50.0,4,2,0,2,4,10,8,1,Matches
68,Yannick Carrasco,"DF,FW",be Belgium,30,1993,2.4,4,2,0,4,0,3,7,42.9,4,0,0,0,0,4,3,0,Matches
69,Dani Carvajal,DF,es Spain,32,1992,5.2,9,5,4,3,2,3,8,37.5,5,7,3,4,6,15,6,2,Matches
70,Timothy Castagne,DF,be Belgium,28,1995,4.0,1,1,0,1,0,0,2,0.0,2,5,2,3,2,3,14,0,Matches
71,Koen Casteels,GK,be Belgium,31,1992,4.0,0,0,0,0,0,0,0,,0,0,0,0,0,0,2,0,Matches
72,Žan Celar,"FW,MF",si Slovenia,24,1999,0.7,1,1,0,1,0,1,1,100.0,0,0,0,0,1,2,2,0,Matches
73,Zeki Çelik,"DF,MF",tr Türkiye,26,1997,1.2,3,0,2,1,0,3,4,75.0,1,1,0,1,0,3,0,0,Matches
74,Václav Černý,MF,cz Czechia,26,1997,0.6,1,1,1,0,0,1,3,33.3,2,1,0,1,0,1,1,0,Matches
75,Giorgi Chakvetadze,"MF,FW",ge Georgia,24,1999,2.7,10,5,7,2,1,6,9,66.7,3,7,2,5,1,11,3,0,Matches
76,Federico Chiesa,"FW,MF",it Italy,26,1997,2.9,6,4,4,1,1,3,5,60.0,2,0,0,0,3,9,2,0,Matches
77,Tomáš Chorý,MF,cz Czechia,29,1995,0.4,0,0,0,0,0,0,0,,0,0,0,0,0,0,0,0,Matches
78,Andreas Christensen,DF,dk Denmark,27,1996,3.9,4,2,4,0,0,3,3,100.0,0,3,1,2,6,10,11,0,Matches
79,Ryan Christie,"MF,FW",sct Scotland,28,1995,1.1,0,0,0,0,0,0,0,,0,0,0,0,0,0,1,0,Matches
80,Mojmir Chytil,FW,cz Czechia,24,1999,1.2,0,0,0,0,0,0,0,,0,2,0,2,0,0,2,0,Matches
81,Alexandru Cicâldău,MF,ro Romania,26,1997,0.2,2,0,2,0,0,1,1,100.0,0,1,0,1,0,2,0,0,Matches
82,Florinel Coman,MF,ro Romania,25,1998,1.3,1,1,1,0,0,0,0,,0,1,0,1,1,2,2,0,Matches
83,Kingsley Coman,MF,fr France,27,1996,0.2,0,0,0,0,0,0,0,,0,0,0,0,0,0,0,0,Matches
84,Francisco Conceição,"FW,MF",pt Portugal,21,2002,2.0,2,1,0,2,0,0,3,0.0,3,1,0,1,0,2,0,0,Matches
85,Diogo Costa,GK,pt Portugal,24,1999,5.7,0,0,0,0,0,0,0,,0,0,0,0,0,0,2,0,Matches
86,Vladimír Coufal,"DF,FW",cz Czechia,31,1992,3.0,5,4,4,1,0,4,9,44.4,5,7,6,1,2,7,13,0,Matches
87,Bryan Cristante,MF,it Italy,28,1995,1.5,0,0,0,0,0,0,0,,0,1,1,0,2,2,1,0,Matches
88,Kevin Csoboth,DF,hu Hungary,23,2000,0.1,0,0,0,0,0,0,1,0.0,1,1,0,1,0,0,0,0,Matches
89,Marc Cucurella,DF,es Spain,25,1998,6.1,12,9,3,6,3,5,8,62.5,3,9,4,5,8,20,12,0,Matches
90,Mirlind Daku,FW,al Albania,26,1998,0.1,1,0,0,0,1,0,0,,0,0,0,0,0,1,0,0,Matches
91,Diogo Dalot,"DF,MF",pt Portugal,24,1999,1.7,1,1,1,0,0,0,0,,0,2,1,1,1,2,1,0,Matches
92,Mikkel Damsgaard,FW,dk Denmark,23,2000,0.4,1,1,1,0,0,0,0,,0,1,0,1,1,2,1,0,Matches
93,Kevin Danso,DF,at Austria,25,1998,2.4,0,0,0,0,0,0,1,0.0,1,4,3,1,0,0,13,0,Matches
94,Márton Dárdai,DF,hu Hungary,21,2002,1.9,4,1,4,0,0,2,5,40.0,3,2,0,2,0,4,3,0,Matches
95,Matteo Darmian,DF,it Italy,34,1989,1.8,1,1,1,0,0,1,2,50.0,1,4,3,1,1,2,6,0,Matches
96,Zuriko Davitashvili,"FW,MF",ge Georgia,22,2001,1.3,4,3,2,0,2,2,3,66.7,1,3,0,3,0,4,1,0,Matches
97,Paweł Dawidowicz,DF,pl Poland,28,1995,2.0,1,0,1,0,0,0,1,0.0,1,4,3,1,0,1,7,0,Matches
98,Kevin De Bruyne,MF,be Belgium,32,1991,4.0,5,1,3,0,2,1,3,33.3,2,2,0,2,0,5,2,0,Matches
99,Charles De Ketelaere,FW,be Belgium,22,2001,0.0,0,0,0,0,0,0,0,,0,0,0,0,0,0,0,0,Matches
100,Zeno Debast,DF,be Belgium,20,2003,1.2,3,1,2,1,0,1,1,100.0,0,3,1,2,0,3,8,0,Matches
101,Thomas Delaney,MF,dk Denmark,32,1991,0.9,0,0,0,0,0,0,0,,0,0,0,0,2,2,2,0,Matches
102,Ousmane Dembélé,"FW,MF",fr France,26,1997,4.0,8,5,0,5,3,3,3,100.0,0,7,0,7,1,9,2,1,Matches
103,Merih Demiral,DF,tr Türkiye,25,1998,2.3,2,2,2,0,0,2,2,100.0,0,8,6,2,4,6,26,1,Matches
104,Giovanni Di Lorenzo,"DF,FW",it Italy,30,1993,4.0,13,9,9,3,1,7,12,58.3,5,4,1,3,6,19,6,1,Matches
105,Rúben Dias,DF,pt Portugal,26,1997,4.7,2,1,2,0,0,1,3,33.3,2,7,4,3,3,5,12,0,Matches
106,Federico Dimarco,"DF,FW",it Italy,26,1997,2.5,4,2,0,2,2,2,2,100.0,0,4,2,2,2,6,2,1,Matches
107,Berat Djimsiti,DF,al Albania,30,1993,3.0,1,0,1,0,0,0,1,0.0,1,8,5,3,2,3,16,0,Matches
108,Jeremy Doku,"FW,MF",be Belgium,21,2002,3.6,3,2,3,0,0,1,4,25.0,3,1,0,1,1,4,1,1,Matches
109,Kasper Dolberg,FW,dk Denmark,26,1997,0.4,1,1,0,1,0,0,0,,0,0,0,0,0,1,0,0,Matches
110,Gianluigi Donnarumma,GK,it Italy,24,1999,4.0,0,0,0,0,0,0,0,,0,0,0,0,0,0,2,0,Matches
111,David Doudera,FW,cz Czechia,25,1998,1.0,3,2,3,0,0,3,4,75.0,1,1,0,1,0,3,2,0,Matches
112,Artem Dovbyk,FW,ua Ukraine,26,1997,2.7,2,2,0,0,2,0,0,,0,0,0,0,1,3,2,0,Matches
113,Denis Drăguș,FW,ro Romania,24,1999,3.2,2,1,1,0,1,0,5,0.0,5,4,1,3,1,3,8,0,Matches
114,Radu Drăgușin,DF,ro Romania,21,2002,4.0,1,1,1,0,0,1,3,33.3,2,6,4,2,6,7,33,0,Matches
115,Vanja Drkušič,DF,si Slovenia,24,1999,4.3,12,7,11,1,0,11,13,84.6,2,3,2,1,1,13,16,0,Matches
116,Kwadwo Duah,FW,ch Switzerland,26,1997,1.2,1,1,0,0,1,1,1,100.0,0,0,0,0,1,2,0,0,Matches
117,Martin Dúbravka,GK,sk Slovakia,35,1989,4.3,0,0,0,0,0,0,0,,0,1,0,1,1,1,3,1,Matches
118,Ondrej Duda,MF,sk Slovakia,29,1994,3.5,7,3,2,4,1,4,6,66.7,2,8,3,5,3,10,5,0,Matches
119,Denzel Dumfries,DF,nl Netherlands,27,1996,5.0,7,5,4,0,3,4,7,57.1,3,5,2,3,3,10,6,0,Matches
120,Dávid Ďuriš,"FW,MF",sk Slovakia,24,1999,0.3,0,0,0,0,0,0,0,,0,0,0,0,0,0,0,0,Matches
121,Lasha Dvali,DF,ge Georgia,28,1995,4.0,8,3,7,1,0,4,7,57.1,3,6,5,1,1,9,24,0,Matches
122,Timi Elšnik,MF,si Slovenia,25,1998,4.0,13,7,7,4,2,5,7,71.4,2,6,3,3,4,17,5,0,Matches
123,Breel Embolo,FW,ch Switzerland,26,1997,3.3,3,3,0,2,1,0,0,,0,3,0,3,1,4,3,0,Matches
124,Christian Eriksen,"MF,FW",dk Denmark,31,1992,3.9,6,2,1,3,2,3,4,75.0,1,3,0,3,2,8,2,0,Matches
125,Eberechi Eze,"DF,MF",eng England,25,1998,1.1,0,0,0,0,0,0,0,,0,0,0,0,0,0,3,0,Matches
126,Wout Faes,DF,be Belgium,25,1998,4.0,10,7,5,5,0,3,3,100.0,0,5,3,2,4,14,11,2,Matches
127,Nicolò Fagioli,MF,it Italy,22,2001,1.1,3,1,2,0,1,1,2,50.0,1,1,1,0,0,3,0,0,Matches
128,João Félix,"MF,FW",pt Portugal,24,1999,1.2,0,0,0,0,0,0,4,0.0,4,0,0,0,0,0,0,0,Matches
129,Bruno Fernandes,MF,pt Portugal,29,1994,4.2,8,5,5,3,0,2,3,66.7,1,6,1,5,2,10,2,0,Matches
130,Attila Fiola,DF,hu Hungary,33,1990,2.0,3,1,2,0,1,2,2,100.0,0,1,1,0,0,3,9,0,Matches
131,Phil Foden,"FW,MF",eng England,23,2000,6.9,7,4,2,3,2,1,4,25.0,3,7,0,7,1,8,4,0,Matches
132,Youssouf Fofana,MF,fr France,25,1999,0.5,1,1,1,0,0,0,3,0.0,3,0,0,0,1,2,1,0,Matches
133,Michael Folorunsho,FW,it Italy,25,1998,0.0,0,0,0,0,0,0,0,,0,0,0,0,0,0,0,0,Matches
134,Przemysław Frankowski,DF,pl Poland,28,1995,3.0,7,5,6,0,1,3,12,25.0,9,1,0,1,1,8,12,0,Matches
135,Davide Frattesi,MF,it Italy,24,1999,2.1,2,1,1,1,0,1,2,50.0,1,0,0,0,0,2,1,0,Matches
136,Remo Freuler,MF,ch Switzerland,31,1992,5.1,8,5,3,3,2,1,7,14.3,6,8,0,8,4,12,10,0,Matches
137,Jeremie Frimpong,FW,nl Netherlands,23,2000,1.0,0,0,0,0,0,0,1,0.0,1,0,0,0,0,0,1,0,Matches
138,Chris Führich,FW,de Germany,26,1998,0.2,1,1,0,0,1,1,1,100.0,0,2,0,2,0,1,0,0,Matches
139,Niclas Füllkrug,FW,de Germany,30,1993,1.8,1,0,0,0,1,1,1,100.0,0,0,0,0,0,1,3,0,Matches
140,Mijat Gaćinović,DF,rs Serbia,28,1995,0.5,1,1,1,0,0,1,2,50.0,1,2,0,2,0,1,0,0,Matches
141,Cody Gakpo,FW,nl Netherlands,24,1999,5.8,9,8,3,4,2,2,12,16.7,10,5,0,5,4,13,5,0,Matches
142,Conor Gallagher,MF,eng England,23,2000,1.3,1,0,1,0,0,0,2,0.0,2,3,1,2,1,2,4,1,Matches
143,Dániel Gazdag,MF,hu Hungary,27,1996,0.0,1,1,1,0,0,0,0,,0,0,0,0,0,1,0,0,Matches
144,Lutsharel Geertruida,DF,nl Netherlands,23,2000,1.2,4,3,3,1,0,0,0,,0,2,0,2,0,4,0,0,Matches
145,Billy Gilmour,MF,sct Scotland,22,2001,2.0,1,1,0,1,0,0,0,,0,2,0,2,0,1,2,0,Matches
146,Olivier Giroud,FW,fr France,37,1986,0.7,1,0,0,0,1,0,0,,0,0,0,0,0,1,1,0,Matches
147,Klaus Gjasula,MF,al Albania,34,1989,0.2,0,0,0,0,0,0,2,0.0,2,1,0,1,0,0,0,0,Matches
148,Adam Gnezda Čerin,MF,si Slovenia,24,1999,4.3,9,5,8,1,0,4,9,44.4,5,7,0,7,5,14,10,0,Matches
149,Anthony Gordon,FW,eng England,22,2001,0.0,0,0,0,0,0,0,0,,0,0,0,0,0,0,0,0,Matches
150,Jon Gorenc Stanković,MF,si Slovenia,28,1996,1.0,1,1,1,0,0,0,1,0.0,1,3,3,0,0,1,2,0,Matches
151,Michael Gregoritsch,FW,at Austria,29,1994,1.4,1,1,0,1,0,1,2,50.0,1,1,0,1,0,1,0,0,Matches
152,Antoine Griezmann,"MF,FW",fr France,32,1991,4.4,5,3,2,2,1,4,6,66.7,2,4,0,4,1,6,2,1,Matches
153,Florian Grillitsch,MF,at Austria,28,1995,2.2,2,1,1,0,1,1,3,33.3,2,0,0,0,6,8,0,0,Matches
154,Álex Grimaldo,DF,es Spain,28,1995,1.3,1,1,1,0,0,1,2,50.0,1,1,0,1,3,4,4,0,Matches
155,Pascal Groß,MF,de Germany,32,1991,0.5,1,1,0,1,0,0,0,,0,0,0,0,0,1,0,0,Matches
156,Kamil Grosicki,MF,pl Poland,35,1988,0.2,0,0,0,0,0,0,0,,0,1,0,1,0,0,0,0,Matches
157,Nemanja Gudelj,MF,rs Serbia,32,1991,1.0,1,0,1,0,0,1,1,100.0,0,0,0,0,1,2,1,0,Matches
158,Marc Guéhi,DF,eng England,23,2000,6.3,3,2,1,1,1,1,2,50.0,1,11,6,5,2,5,13,0,Matches
159,Péter Gulácsi,GK,hu Hungary,33,1990,3.0,0,0,0,0,0,0,1,0.0,1,0,0,0,0,0,3,0,Matches
160,Arda Güler,"FW,MF",tr Türkiye,18,2005,3.8,9,5,5,2,2,7,11,63.6,4,0,0,0,3,12,0,0,Matches
161,İlkay Gündoğan,MF,de Germany,33,1990,4.3,5,4,1,3,1,0,2,0.0,2,0,0,0,1,6,0,0,Matches
162,Angus Gunn,GK,sct Scotland,28,1996,3.0,0,0,0,0,0,0,0,,0,0,0,0,0,0,4,0,Matches
163,Mert Günok,GK,tr Türkiye,34,1989,4.0,0,0,0,0,0,0,0,,0,0,0,0,0,0,1,2,Matches
164,Joško Gvardiol,DF,hr Croatia,22,2002,3.0,5,3,3,1,1,2,4,50.0,2,2,1,1,5,10,4,0,Matches
165,Giorgi Gwelesiani,DF,ge Georgia,32,1991,1.8,3,3,3,0,0,3,5,60.0,2,3,3,0,2,5,15,1,Matches
166,Norbert Gyömbér,DF,sk Slovakia,31,1992,0.4,0,0,0,0,0,0,0,,0,0,0,0,1,1,2,0,Matches
167,Ianis Hagi,MF,ro Romania,25,1998,2.1,5,3,2,1,2,2,4,50.0,2,1,0,1,0,5,4,0,Matches
168,Dávid Hancko,DF,sk Slovakia,26,1997,4.1,10,5,6,4,0,4,11,36.4,7,7,2,5,3,13,10,0,Matches
169,Grant Hanley,DF,sct Scotland,32,1991,2.5,2,0,1,1,0,0,0,,0,2,1,1,1,3,11,0,Matches
170,Lukáš Haraslín,FW,sk Slovakia,27,1996,2.9,4,4,2,1,1,4,6,66.7,2,1,0,1,3,7,5,0,Matches
171,Kai Havertz,"FW,MF",de Germany,24,1999,4.3,2,1,1,1,0,2,2,100.0,0,4,0,4,0,2,8,0,Matches
172,Jack Hendry,DF,sct Scotland,28,1995,2.9,2,1,1,1,0,2,2,100.0,0,2,2,0,1,3,10,0,Matches
173,Benjamin Henrichs,DF,de Germany,26,1997,0.1,0,0,0,0,0,0,0,,0,0,0,0,0,0,0,0,Matches
174,Theo Hernández,DF,fr France,26,1997,6.3,10,6,7,2,1,6,9,66.7,3,6,5,1,3,13,12,2,Matches
175,Morten Hjulmand,MF,dk Denmark,24,1999,2.7,3,1,1,2,0,2,5,40.0,3,3,1,2,1,4,3,1,Matches
176,Adam Hložek,MF,cz Czechia,21,2002,1.2,1,0,0,0,1,0,1,0.0,1,0,0,0,1,2,1,0,Matches
177,Tomáš Holeš,DF,cz Czechia,30,1993,3.0,10,5,5,3,2,7,10,70.0,3,4,2,2,2,12,12,0,Matches
178,Arbër Hoxha,"FW,MF",al Albania,25,1998,0.6,2,2,1,1,0,2,2,100.0,0,0,0,0,0,2,0,0,Matches
179,Robin Hranáč,DF,cz Czechia,24,2000,3.0,2,1,1,1,0,2,2,100.0,0,3,1,2,0,2,12,1,Matches
180,Elseid Hysaj,DF,al Albania,29,1994,2.0,1,1,0,1,0,1,5,20.0,4,3,2,1,0,1,2,0,Matches
181,Pierre Højbjerg,MF,dk Denmark,28,1995,3.9,10,7,5,5,0,7,13,53.8,6,5,0,5,3,13,5,0,Matches
182,Rasmus Højlund,FW,dk Denmark,20,2003,3.2,3,1,0,1,2,1,4,25.0,3,0,0,0,1,4,1,0,Matches
183,Ivan Ilić,MF,rs Serbia,22,2001,2.2,6,4,4,1,1,3,3,100.0,0,4,3,1,0,6,3,1,Matches
184,Josip Iličić,"FW,MF",si Slovenia,36,1988,0.3,2,1,1,0,1,1,1,100.0,0,0,0,0,0,2,0,0,Matches
185,Gonçalo Inácio,DF,pt Portugal,22,2001,1.3,2,2,1,1,0,2,5,40.0,3,6,0,6,1,3,5,0,Matches
186,Luka Ivanušec,MF,hr Croatia,25,1998,0.2,0,0,0,0,0,0,0,,0,0,0,0,0,0,1,0,Matches
187,Erik Janža,DF,si Slovenia,30,1993,3.0,4,4,3,1,0,1,5,20.0,4,1,1,0,2,6,8,0,Matches
188,Jorginho,MF,it Italy,32,1991,2.4,6,2,6,0,0,3,8,37.5,5,3,0,3,4,10,1,0,Matches
189,Joselu,FW,es Spain,33,1990,1.0,0,0,0,0,0,0,1,0.0,1,1,0,1,0,0,3,0,Matches
190,Diogo Jota,"FW,MF",pt Portugal,27,1996,1.1,3,2,0,2,1,0,0,,0,1,0,1,0,3,0,0,Matches
191,Luka Jović,"MF,FW",rs Serbia,26,1997,1.1,0,0,0,0,0,0,0,,0,0,0,0,0,0,1,0,Matches
192,Josip Juranović,DF,hr Croatia,28,1995,1.0,3,3,1,2,0,2,3,66.7,1,1,1,0,1,4,1,0,Matches
193,David Jurásek,DF,cz Czechia,23,2000,1.8,3,2,2,1,0,2,5,40.0,3,1,1,0,1,4,2,0,Matches
194,Matěj Jurásek,"DF,MF",cz Czechia,20,2003,0.5,2,1,0,1,1,2,4,50.0,2,0,0,0,0,2,1,0,Matches
195,Ferdi Kadioglu,"DF,MF",tr Türkiye,24,1999,5.0,18,12,9,7,2,10,13,76.9,3,5,1,4,7,25,10,0,Matches
196,İrfan Kahveci,FW,tr Türkiye,28,1995,0.1,0,0,0,0,0,0,0,,0,0,0,0,0,0,0,0,Matches
197,Otar Kakabadze,"DF,MF",ge Georgia,28,1995,4.0,12,8,10,1,1,10,18,55.6,8,3,1,2,4,16,8,0,Matches
198,Harry Kane,FW,eng England,30,1993,6.7,4,3,2,2,0,1,3,33.3,2,2,2,0,1,5,0,0,Matches
199,N'Golo Kanté,MF,fr France,32,1991,5.7,12,9,6,3,3,4,5,80.0,1,6,1,5,6,18,7,0,Matches
200,Žan Karničnik,DF,si Slovenia,29,1994,4.3,8,4,7,1,0,7,12,58.3,5,5,3,2,8,16,11,0,Matches
201,Guram Kashia,DF,ge Georgia,36,1987,4.0,7,4,5,2,0,4,4,100.0,0,13,12,1,1,8,31,1,Matches
202,Milos Kerkez,DF,hu Hungary,20,2003,2.6,4,2,3,1,0,3,5,60.0,2,0,0,0,0,4,7,1,Matches
203,Semih Kılıçsoy,FW,tr Türkiye,18,2005,0.0,0,0,0,0,0,0,0,,0,0,0,0,0,0,0,0,Matches
204,Joshua Kimmich,DF,de Germany,28,1995,5.3,7,4,5,0,2,4,12,33.3,8,6,2,4,6,13,6,0,Matches
205,Otar Kiteishvili,MF,ge Georgia,27,1996,1.4,4,4,4,0,0,2,6,33.3,4,3,1,2,0,4,3,0,Matches
206,Jakub Kiwior,DF,pl Poland,23,2000,3.0,7,4,6,1,0,3,5,60.0,2,4,2,2,5,12,9,0,Matches
207,László Kleinheisler,MF,hu Hungary,29,1994,0.6,0,0,0,0,0,0,1,0.0,1,0,0,0,0,0,0,0,Matches
208,Giorgi Kochorashvili,MF,ge Georgia,24,1999,4.0,9,5,5,4,0,5,6,83.3,1,6,4,2,5,14,6,1,Matches
209,Orkun Kökçü,MF,tr Türkiye,23,2000,2.5,3,2,2,0,1,1,4,25.0,3,3,1,2,1,4,2,0,Matches
210,Randal Kolo Muani,FW,fr France,25,1998,2.2,1,0,1,0,0,1,1,100.0,0,2,1,1,1,2,4,0,Matches
211,Yukhym Konoplia,DF,ua Ukraine,24,1999,0.8,1,0,0,0,1,0,0,,0,1,0,1,0,1,0,0,Matches
212,Ezri Konsa,DF,eng England,26,1997,1.0,2,0,2,0,0,1,1,100.0,0,3,2,1,0,2,8,0,Matches
213,Filip Kostić,DF,rs Serbia,31,1992,0.5,1,0,1,0,0,1,2,50.0,1,1,0,1,0,1,1,0,Matches
214,Jules Koundé,DF,fr France,25,1998,6.3,18,12,7,5,6,10,17,58.8,7,5,0,5,2,20,22,0,Matches
215,Mateo Kovačić,MF,hr Croatia,29,1994,2.5,8,6,2,5,1,2,5,40.0,3,2,1,1,3,11,0,0,Matches
216,Matej Kovar,GK,cz Czechia,23,2000,0.4,0,0,0,0,0,0,0,,0,0,0,0,0,0,0,0,Matches
217,Andrej Kramarić,FW,hr Croatia,32,1991,2.7,0,0,0,0,0,0,0,,0,3,1,2,1,1,1,0,Matches
218,Ladislav Krejčí,DF,cz Czechia,24,1999,3.0,3,2,3,0,0,0,3,0.0,3,1,1,0,5,8,9,0,Matches
219,Toni Kroos,MF,de Germany,34,1990,5.2,9,4,4,4,1,3,5,60.0,2,3,0,3,7,16,5,0,Matches
220,Jan Kuchta,FW,cz Czechia,27,1997,1.1,2,1,2,0,0,1,1,100.0,0,0,0,0,0,2,2,0,Matches
221,Juraj Kucka,MF,sk Slovakia,36,1987,3.9,1,1,0,1,0,1,7,14.3,6,3,1,2,2,3,4,0,Matches
222,Jasmin Kurtić,FW,si Slovenia,35,1989,0.0,0,0,0,0,0,0,0,,0,0,0,0,0,0,0,0,Matches
223,Khvicha Kvaratskhelia,FW,ge Georgia,22,2001,3.8,4,3,0,4,0,3,6,50.0,3,2,2,0,0,4,2,0,Matches
224,Nika Kvekveskiri,MF,ge Georgia,31,1992,0.1,0,0,0,0,0,0,1,0.0,1,0,0,0,1,1,0,0,Matches
225,Giorgi Kvilitaia,FW,ge Georgia,30,1993,0.0,0,0,0,0,0,0,0,,0,0,0,0,0,0,0,0,Matches
226,Saba Kvirkvelia,DF,ge Georgia,31,1992,2.0,4,3,3,1,0,3,3,100.0,0,2,2,0,1,5,17,1,Matches
227,Qazim Laçi,"MF,FW",al Albania,28,1996,1.8,4,3,1,2,1,1,2,50.0,1,3,0,3,3,7,5,0,Matches
228,Konrad Laimer,"MF,FW",at Austria,26,1997,3.0,5,1,2,1,2,3,6,50.0,3,3,0,3,2,7,2,0,Matches
229,Ádám Lang,DF,hu Hungary,31,1993,0.5,0,0,0,0,0,0,0,,0,0,0,0,1,1,3,0,Matches
230,Aymeric Laporte,DF,es Spain,29,1994,5.8,3,3,2,1,0,2,3,66.7,1,4,3,1,6,9,27,1,Matches
231,Robin Le Normand,DF,es Spain,27,1996,4.9,6,2,5,1,0,5,8,62.5,3,2,1,1,2,8,14,0,Matches
232,Rafael Leão,FW,pt Portugal,24,1999,3.2,2,2,2,0,0,1,2,50.0,1,1,0,1,1,3,1,0,Matches
233,Robert Lewandowski,FW,pl Poland,35,1988,1.3,2,2,0,0,2,0,0,,0,2,0,2,0,2,3,0,Matches
234,Philipp Lienhart,DF,at Austria,27,1996,2.4,2,2,1,1,0,2,3,66.7,1,2,2,0,2,4,10,0,Matches
235,Ondřej Lingr,"MF,FW",cz Czechia,25,1998,0.9,2,2,0,2,0,0,1,0.0,1,1,0,1,0,2,0,0,Matches
236,Dominik Livaković,GK,hr Croatia,29,1995,3.0,0,0,0,0,0,0,0,,0,0,0,0,1,1,2,0,Matches
237,Stanislav Lobotka,MF,sk Slovakia,29,1994,4.3,7,6,3,4,0,2,6,33.3,4,3,0,3,3,10,9,0,Matches
238,Saba Lobzhanidze,FW,ge Georgia,29,1994,0.1,0,0,0,0,0,0,0,,0,0,0,0,0,0,3,0,Matches
239,Luka Lochoshvili,"DF,MF",ge Georgia,25,1998,1.9,4,3,3,0,1,3,5,60.0,2,1,0,1,3,7,11,0,Matches
240,Fermin López,MF,es Spain,20,2003,0.3,1,1,0,0,1,0,1,0.0,1,0,0,0,0,1,0,0,Matches
241,Romelu Lukaku,FW,be Belgium,30,1993,4.0,0,0,0,0,0,0,0,,0,0,0,0,0,0,3,0,Matches
242,Dodi Lukebakio,"FW,DF",be Belgium,26,1997,0.7,1,1,0,0,1,0,0,,0,1,0,1,0,1,0,0,Matches
243,Saša Lukić,MF,rs Serbia,27,1996,2.3,8,5,1,5,2,5,6,83.3,1,2,0,2,3,11,5,0,Matches
244,Andriy Lunin,GK,ua Ukraine,24,1999,1.0,0,0,0,0,0,0,0,,0,0,0,0,0,0,0,2,Matches
245,Mike Maignan,GK,fr France,28,1995,6.3,1,0,1,0,0,1,1,100.0,0,0,0,0,0,1,5,0,Matches
246,Kobbie Mainoo,MF,eng England,18,2005,4.1,8,5,1,6,1,4,5,80.0,1,1,0,1,6,14,3,0,Matches
247,Lovro Majer,"FW,MF",hr Croatia,26,1998,1.6,4,3,1,2,1,2,2,100.0,0,4,0,4,0,4,0,0,Matches
248,Donyell Malen,FW,nl Netherlands,25,1999,2.1,0,0,0,0,0,0,0,,0,0,0,0,2,2,2,0,Matches
249,Ruslan Malinovskyi,MF,ua Ukraine,30,1993,0.4,5,1,1,4,0,1,3,33.3,2,1,0,1,1,6,3,0,Matches
250,Giorgi Mamardashvili,GK,ge Georgia,23,2000,4.0,0,0,0,0,0,0,0,,0,0,0,0,0,0,2,0,Matches
251,Dennis Man,MF,ro Romania,25,1998,3.0,3,0,1,2,0,2,4,50.0,2,0,0,0,1,4,0,0,Matches
252,Rey Manaj,FW,al Albania,26,1997,1.7,2,2,1,0,1,0,1,0.0,1,0,0,0,1,3,2,0,Matches
253,Gianluca Mancini,DF,it Italy,27,1996,1.0,0,0,0,0,0,0,0,,0,3,1,2,0,0,1,0,Matches
254,Orel Mangala,MF,be Belgium,25,1998,1.5,4,3,2,1,1,1,3,33.3,2,2,1,1,4,8,0,0,Matches
255,Marius Marin,MF,ro Romania,25,1998,3.4,9,3,8,1,0,5,10,50.0,5,4,1,3,4,13,6,0,Matches
256,Răzvan Marin,MF,ro Romania,27,1996,3.9,7,2,3,4,0,4,9,44.4,5,3,2,1,0,7,6,0,Matches
257,Ádám Martin,"FW,DF",hu Hungary,29,1994,0.5,0,0,0,0,0,0,0,,0,2,2,0,0,0,0,0,Matches
258,Mykola Matviyenko,DF,ua Ukraine,27,1996,3.0,4,3,2,2,0,2,4,50.0,2,4,2,2,4,8,9,1,Matches
259,Kylian Mbappé,FW,fr France,25,1998,5.2,1,0,1,0,0,0,2,0.0,2,4,1,3,0,1,0,0,Matches
260,John McGinn,"MF,FW",sct Scotland,29,1994,2.6,1,1,0,1,0,1,4,25.0,3,2,0,2,1,2,0,0,Matches
261,Callum McGregor,MF,sct Scotland,30,1993,2.7,2,1,1,1,0,1,4,25.0,3,2,1,1,2,4,6,0,Matches
262,Scott McKenna,DF,sct Scotland,27,1996,1.5,1,0,1,0,0,1,2,50.0,1,1,1,0,2,3,5,0,Matches
263,Kenny McLean,MF,sct Scotland,32,1992,0.5,3,2,1,2,0,3,3,100.0,0,0,0,0,0,3,0,0,Matches
264,Scott McTominay,MF,sct Scotland,27,1996,3.0,4,2,2,1,1,1,2,50.0,1,2,1,1,3,7,7,0,Matches
265,Anzor Mekvabishvili,MF,ge Georgia,22,2001,2.1,6,3,3,3,0,3,3,100.0,0,4,1,3,5,11,5,0,Matches
266,Memphis,"FW,MF",nl Netherlands,29,1994,5.1,1,1,0,1,0,1,4,25.0,3,1,0,1,1,2,1,0,Matches
267,Nuno Mendes,DF,pt Portugal,21,2002,4.7,12,6,7,3,2,6,11,54.5,5,6,2,4,5,17,11,0,Matches
268,Mikel Merino,"MF,FW",es Spain,27,1996,2.0,4,3,0,3,1,2,3,66.7,1,2,1,1,2,6,4,0,Matches
269,Valentin Mihaila,MF,ro Romania,23,2000,1.3,3,2,2,0,1,0,1,0.0,1,0,0,0,2,5,5,0,Matches
270,Srđan Mijailović,DF,rs Serbia,30,1993,0.8,3,1,1,2,0,3,4,75.0,1,1,0,1,1,4,4,0,Matches
271,Georges Mikautadze,FW,ge Georgia,23,2000,3.8,3,1,1,2,0,1,4,25.0,3,0,0,0,0,3,0,0,Matches
272,Nikola Milenković,DF,rs Serbia,26,1997,3.0,3,3,1,2,0,1,2,50.0,1,2,2,0,2,5,11,0,Matches
273,Sergej Milinković-Savić,MF,rs Serbia,28,1995,1.3,2,2,0,2,0,1,2,50.0,1,1,1,0,1,3,2,0,Matches
274,Mario Mitaj,DF,al Albania,20,2003,3.0,8,4,6,1,1,8,11,72.7,3,4,0,4,7,15,11,0,Matches
275,Aleksandar Mitrović,FW,rs Serbia,29,1994,2.7,0,0,0,0,0,0,1,0.0,1,2,0,2,0,0,4,0,Matches
276,Maximilian Mittelstädt,DF,de Germany,26,1997,3.4,4,2,1,1,2,3,5,60.0,2,6,0,6,2,6,8,0,Matches
277,Filip Mladenović,DF,rs Serbia,32,1991,1.2,2,1,0,1,1,1,5,20.0,4,0,0,0,2,4,1,0,Matches
278,Jan Mlakar,MF,si Slovenia,25,1998,3.3,3,3,2,1,0,1,2,50.0,1,2,1,1,1,4,9,0,Matches
279,Jakub Moder,MF,pl Poland,24,1999,2.0,2,2,0,2,0,1,3,33.3,2,3,1,2,1,3,8,0,Matches
280,Luka Modrić,MF,hr Croatia,38,1985,2.6,4,4,4,0,0,1,2,50.0,1,1,0,1,1,5,1,0,Matches
281,Vasile Mogos,DF,ro Romania,31,1992,0.4,0,0,0,0,0,0,1,0.0,1,0,0,0,0,0,1,0,Matches
282,Álvaro Morata,FW,es Spain,31,1992,5.0,6,4,1,2,3,0,4,0.0,4,0,0,0,0,6,3,0,Matches
283,Lewis Morgan,DF,sct Scotland,27,1996,0.0,0,0,0,0,0,0,0,,0,0,0,0,1,1,0,0,Matches
284,Ernest Muçi,FW,al Albania,22,2001,0.2,0,0,0,0,0,0,0,,0,0,0,0,0,0,0,0,Matches
285,Mykhailo Mudryk,"FW,MF",ua Ukraine,23,2001,1.9,2,2,1,0,1,2,4,50.0,2,0,0,0,0,2,1,1,Matches
286,Mert Müldür,"DF,MF",tr Türkiye,24,1999,3.8,7,6,3,1,3,7,9,77.8,2,8,1,7,5,12,12,0,Matches
287,Thomas Müller,"MF,FW",de Germany,34,1989,0.6,2,1,1,1,0,1,2,50.0,1,0,0,0,0,2,1,0,Matches
288,Jamal Musiala,FW,de Germany,20,2003,4.7,6,4,1,4,1,2,3,66.7,1,7,0,7,4,10,2,0,Matches
289,Phillipp Mwene,DF,at Austria,30,1994,2.2,6,4,3,3,0,3,6,50.0,3,5,2,3,0,6,6,0,Matches
290,Vitaliy Mykolenko,DF,ua Ukraine,24,1999,0.6,0,0,0,0,0,0,0,,0,2,1,1,0,0,1,0,Matches
291,Joakim Mæhle,"DF,MF",dk Denmark,26,1997,3.1,6,4,3,2,1,3,8,37.5,5,2,0,2,3,9,5,1,Matches
292,Nacho,DF,es Spain,34,1990,2.9,2,1,1,1,0,1,3,33.3,2,3,2,1,0,2,16,0,Matches
293,Ádám Nagy,MF,hu Hungary,28,1995,1.8,3,2,2,1,0,2,2,100.0,0,1,0,1,4,7,3,0,Matches
294,Zsolt Nagy,DF,hu Hungary,30,1993,0.2,2,0,1,1,0,0,0,,0,0,0,0,0,2,2,0,Matches
295,Jesús Navas,DF,es Spain,38,1985,1.7,3,2,1,2,0,0,0,,0,2,0,2,1,4,11,0,Matches
296,Dan Ndoye,"MF,DF",ch Switzerland,23,2000,4.5,5,3,4,1,0,1,2,50.0,1,3,0,3,2,7,2,0,Matches
297,Pedro Neto,"DF,FW",pt Portugal,23,2000,1.3,5,1,2,2,1,2,2,100.0,0,0,0,0,2,7,1,0,Matches
298,Manuel Neuer,GK,de Germany,37,1986,5.3,0,0,0,0,0,0,0,,0,0,0,0,0,0,1,1,Matches
299,João Neves,MF,pt Portugal,19,2004,0.9,0,0,0,0,0,0,0,,0,1,0,1,5,5,0,0,Matches
300,Rúben Neves,MF,pt Portugal,26,1997,1.4,3,1,0,2,1,0,1,0.0,1,3,1,2,1,4,1,0,Matches
301,Florin Niță,GK,ro Romania,36,1987,4.0,0,0,0,0,0,0,0,,0,0,0,0,0,0,2,0,Matches
302,Matheus Nunes,MF,pt Portugal,25,1998,0.2,0,0,0,0,0,0,0,,0,0,0,0,0,0,0,0,Matches
303,Christian Nørgaard,MF,dk Denmark,29,1994,0.4,1,0,0,1,0,1,1,100.0,0,0,0,0,0,1,1,0,Matches
304,Adam Obert,DF,sk Slovakia,21,2002,0.3,1,1,0,1,0,1,1,100.0,0,0,0,0,0,1,1,0,Matches
305,Jan Oblak,GK,si Slovenia,31,1993,4.3,0,0,0,0,0,0,0,,0,0,0,0,0,0,1,0,Matches
306,Darius Olaru,MF,ro Romania,25,1998,0.3,0,0,0,0,0,0,0,,0,0,0,0,0,0,0,0,Matches
307,Dani Olmo,"MF,FW",es Spain,25,1998,4.8,4,3,1,2,1,3,6,50.0,3,2,1,1,2,6,2,0,Matches
308,Amadou Onana,MF,be Belgium,22,2001,4.0,8,6,3,4,1,4,5,80.0,1,7,1,6,3,11,4,2,Matches
309,Loïs Openda,FW,be Belgium,23,2000,0.8,2,1,0,0,2,0,0,,0,1,0,1,1,3,1,0,Matches
310,Willi Orban,DF,hu Hungary,31,1992,3.0,7,7,7,0,0,3,3,100.0,0,9,7,2,1,8,9,1,Matches
311,Mikel Oyarzabal,FW,es Spain,26,1997,2.2,2,1,0,0,2,0,0,,0,2,0,2,0,2,4,0,Matches
312,Salih Özcan,MF,tr Türkiye,26,1998,1.7,6,3,1,5,0,2,3,66.7,1,0,0,0,7,13,4,0,Matches
313,João Palhinha,MF,pt Portugal,28,1995,3.3,15,9,5,8,2,7,10,70.0,3,6,1,5,8,23,6,0,Matches
314,Cole Palmer,"MF,FW",eng England,21,2002,1.7,2,0,1,0,1,1,2,50.0,1,1,0,1,0,2,1,0,Matches
315,Mario Pašalić,"FW,MF",hr Croatia,28,1995,1.3,1,0,1,0,0,0,0,,0,0,0,0,0,1,2,0,Matches
316,Strahinja Pavlović,DF,rs Serbia,22,2001,3.0,11,6,7,3,1,9,14,64.3,5,2,0,2,4,15,10,0,Matches
317,Pedri,MF,es Spain,21,2002,2.1,6,3,1,4,1,2,4,50.0,2,0,0,0,1,7,0,0,Matches
318,Peter Pekarík,DF,sk Slovakia,37,1986,4.2,1,0,1,0,0,1,4,25.0,3,4,3,1,7,8,11,0,Matches
319,Lorenzo Pellegrini,"FW,MF",it Italy,27,1996,2.4,2,0,1,1,0,1,4,25.0,3,3,0,3,2,4,2,0,Matches
320,Patrick Pentz,GK,at Austria,27,1997,4.0,0,0,0,0,0,0,0,,0,0,0,0,0,0,3,1,Matches
321,Pepe,DF,pt Portugal,40,1983,4.5,9,5,5,3,1,7,13,53.8,6,3,2,1,5,14,26,1,Matches
322,Danilo Pereira,DF,pt Portugal,32,1991,1.0,0,0,0,0,0,0,0,,0,0,0,0,1,1,2,0,Matches
323,Ayoze Pérez,FW,es Spain,30,1993,0.1,0,0,0,0,0,0,0,,0,1,0,1,0,0,0,0,Matches
324,Ivan Perišić,"DF,FW",hr Croatia,34,1989,1.5,0,0,0,0,0,0,0,,0,1,0,1,1,1,3,0,Matches
325,Bruno Petković,FW,hr Croatia,29,1994,1.0,0,0,0,0,0,0,1,0.0,1,0,0,0,0,0,1,0,Matches
326,Krzysztof Piątek,FW,pl Poland,28,1995,0.7,1,1,0,1,0,0,0,,0,0,0,0,0,1,0,0,Matches
327,Jordan Pickford,GK,eng England,29,1994,7.7,0,0,0,0,0,0,0,,0,0,0,0,0,0,1,0,Matches
328,Jakub Piotrowski,MF,pl Poland,26,1997,0.6,0,0,0,0,0,0,0,,0,0,0,0,0,0,1,0,Matches
329,Marin Pongračić,DF,hr Croatia,26,1997,2.0,2,1,2,0,0,0,4,0.0,4,6,3,3,2,4,9,0,Matches
330,Ryan Porteous,DF,sct Scotland,24,1999,0.5,2,1,2,0,0,2,2,100.0,0,0,0,0,0,2,1,0,Matches
331,Stefan Posch,DF,at Austria,26,1997,4.0,15,9,4,8,3,9,13,69.2,4,11,4,7,6,21,11,0,Matches
332,Yussuf Poulsen,"FW,MF",dk Denmark,29,1994,0.6,1,0,0,0,1,1,2,50.0,1,1,0,1,0,1,1,0,Matches
333,Alexander Prass,DF,at Austria,22,2001,1.8,7,2,4,2,1,4,10,40.0,6,1,0,1,2,9,1,0,Matches
334,Lukáš Provod,MF,cz Czechia,27,1996,2.6,5,5,2,1,2,3,5,60.0,2,3,1,2,0,5,2,0,Matches
335,George Pușcaș,FW,ro Romania,27,1996,0.4,0,0,0,0,0,0,1,0.0,1,0,0,0,0,0,1,0,Matches
336,Leopold Querfeld,DF,at Austria,20,2003,0.3,2,2,1,1,0,2,2,100.0,0,0,0,0,1,3,1,0,Matches
337,Adrien Rabiot,MF,fr France,28,1995,4.1,9,5,3,5,1,4,5,80.0,1,3,0,3,1,10,2,0,Matches
338,Bogdan Racovitan,DF,ro Romania,23,2000,0.6,0,0,0,0,0,0,1,0.0,1,2,2,0,1,1,3,1,Matches
339,Predrag Rajković,GK,rs Serbia,28,1995,3.0,0,0,0,0,0,0,0,,0,0,0,0,0,0,0,0,Matches
340,Anthony Ralston,DF,sct Scotland,25,1998,2.9,3,2,3,0,0,1,3,33.3,2,5,1,4,1,4,7,1,Matches
341,Ylber Ramadani,MF,al Albania,27,1996,2.9,6,3,2,3,1,5,9,55.6,4,8,3,5,4,10,4,0,Matches
342,Gonçalo Ramos,FW,pt Portugal,22,2001,0.3,0,0,0,0,0,0,0,,0,1,0,1,0,0,1,0,Matches
343,Giacomo Raspadori,FW,it Italy,23,2000,0.9,3,1,1,2,0,1,2,50.0,1,0,0,0,0,3,0,0,Matches
344,Andrei Ratiu,DF,ro Romania,25,1998,4.0,6,5,4,2,0,4,5,80.0,1,6,2,4,6,12,15,0,Matches
345,David Raum,DF,de Germany,25,1998,1.8,5,5,3,1,1,5,7,71.4,2,1,0,1,0,5,1,0,Matches
346,David Raya,GK,es Spain,28,1995,1.0,0,0,0,0,0,0,0,,0,0,0,0,0,0,0,0,Matches
347,Tijjani Reijnders,MF,nl Netherlands,25,1998,5.5,8,6,1,7,0,3,5,60.0,2,5,1,4,6,14,4,0,Matches
348,Mateo Retegui,FW,it Italy,24,1999,1.7,2,1,0,1,1,0,1,0.0,1,1,0,1,0,2,0,0,Matches
349,Declan Rice,MF,eng England,25,1999,7.7,19,15,11,6,2,5,8,62.5,3,5,1,4,8,27,10,0,Matches
350,Fabian Rieder,MF,ch Switzerland,21,2002,2.4,7,3,1,4,2,3,5,60.0,2,2,1,1,0,7,1,0,Matches
351,Andrew Robertson,DF,sct Scotland,29,1994,3.0,8,5,4,4,0,8,10,80.0,2,2,0,2,1,9,10,1,Matches
352,Rodri,MF,es Spain,27,1996,5.8,13,7,4,8,1,4,9,44.4,5,7,4,3,1,14,10,0,Matches
353,Ricardo Rodríguez,DF,ch Switzerland,31,1992,5.3,7,6,2,3,2,3,4,75.0,1,5,2,3,3,10,19,0,Matches
354,Taras Romanchuk,MF,pl Poland,32,1991,0.6,2,1,2,0,0,1,2,50.0,1,1,0,1,0,2,1,0,Matches
355,Cristiano Ronaldo,FW,pt Portugal,38,1985,5.4,1,1,0,0,1,1,1,100.0,0,1,1,0,0,1,1,0,Matches
356,Antonio Rüdiger,DF,de Germany,30,1993,5.3,8,4,7,1,0,6,6,100.0,0,10,6,4,2,10,20,0,Matches
357,Fabián Ruiz Peña,MF,es Spain,27,1996,6.0,9,6,5,0,4,6,10,60.0,4,2,0,2,5,14,5,1,Matches
358,Adrian Rus,MF,ro Romania,27,1996,0.2,0,0,0,0,0,0,0,,0,0,0,0,0,0,0,0,Matches
359,Marcel Sabitzer,"FW,MF",at Austria,29,1994,4.0,2,1,0,1,1,2,2,100.0,0,2,0,2,3,5,1,0,Matches
360,Bukayo Saka,"FW,DF",eng England,22,2001,7.0,5,4,2,3,0,2,3,66.7,1,7,0,7,1,6,12,0,Matches
361,Bartosz Salamon,DF,pl Poland,32,1991,0.9,3,2,2,1,0,2,2,100.0,0,1,0,1,2,5,7,0,Matches
362,William Saliba,DF,fr France,22,2001,6.3,5,2,3,2,0,2,3,66.7,1,6,3,3,4,9,30,0,Matches
363,Roland Sallai,MF,hu Hungary,26,1997,3.0,4,2,1,1,2,1,2,50.0,1,0,0,0,1,5,1,0,Matches
364,Lazar Samardzic,MF,rs Serbia,21,2002,0.6,0,0,0,0,0,0,0,,0,0,0,0,0,0,0,0,Matches
365,Leroy Sané,FW,de Germany,28,1996,2.3,1,1,1,0,0,0,5,0.0,5,2,0,2,0,1,0,0,Matches
366,Leo Sauer,FW,sk Slovakia,18,2005,0.1,0,0,0,0,0,0,0,,0,0,0,0,0,0,0,0,Matches
367,Gianluca Scamacca,FW,it Italy,25,1999,2.8,1,1,0,0,1,0,0,,0,0,0,0,2,3,1,0,Matches
368,András Schäfer,MF,hu Hungary,24,1999,3.0,6,3,0,6,0,1,3,33.3,2,4,1,3,1,7,3,0,Matches
369,Fabian Schär,DF,ch Switzerland,32,1991,5.3,10,4,7,0,3,4,7,57.1,3,6,4,2,9,19,24,0,Matches
370,Patrik Schick,FW,cz Czechia,28,1996,1.4,1,1,1,0,0,0,3,0.0,3,1,0,1,1,2,4,0,Matches
371,Nico Schlotterbeck,DF,de Germany,24,1999,1.3,1,1,0,1,0,0,2,0.0,2,1,0,1,2,3,8,1,Matches
372,Kasper Schmeichel,GK,dk Denmark,37,1986,4.0,0,0,0,0,0,0,0,,0,0,0,0,0,0,0,0,Matches
373,Romano Schmid,"FW,MF",at Austria,24,2000,1.6,2,1,0,1,1,1,3,33.3,2,6,0,6,0,2,2,0,Matches
374,Jerdy Schouten,MF,nl Netherlands,27,1997,5.6,7,3,2,4,1,1,5,20.0,4,5,2,3,5,12,8,0,Matches
375,Ivan Schranz,FW,sk Slovakia,30,1993,3.7,3,1,3,0,0,1,3,33.3,2,0,0,0,2,5,9,0,Matches
376,Taulant Seferi,FW,al Albania,27,1996,1.0,2,2,0,2,0,2,5,40.0,3,0,0,0,2,4,2,0,Matches
377,Nicolas Seiwald,MF,at Austria,22,2001,4.0,15,7,5,8,2,4,11,36.4,7,5,1,4,6,21,8,0,Matches
378,Nélson Semedo,DF,pt Portugal,30,1993,1.1,3,2,2,1,0,2,6,33.3,4,1,0,1,0,3,0,0,Matches
379,Benjamin Šeško,FW,si Slovenia,20,2003,4.0,3,1,1,1,1,1,5,20.0,4,3,1,2,0,3,5,0,Matches
380,Petr Ševčík,MF,cz Czechia,29,1994,0.2,0,0,0,0,0,0,0,,0,0,0,0,0,0,0,0,Matches
381,Stephan El Shaarawy,FW,it Italy,31,1992,0.5,0,0,0,0,0,0,0,,0,0,0,0,0,0,2,0,Matches
382,Lawrence Shankland,FW,sct Scotland,28,1995,0.3,1,0,1,0,0,1,1,100.0,0,2,0,2,0,1,1,0,Matches
383,Mykola Shaparenko,MF,ua Ukraine,25,1998,2.4,3,0,2,1,0,3,4,75.0,1,4,0,4,3,6,1,0,Matches
384,Xherdan Shaqiri,"MF,FW",ch Switzerland,32,1991,0.8,0,0,0,0,0,0,0,,0,0,0,0,0,0,0,0,Matches
385,Luke Shaw,DF,eng England,28,1995,2.0,3,2,2,1,0,3,3,100.0,0,2,0,2,2,5,6,0,Matches
386,Vincent Sierro,MF,ch Switzerland,28,1995,0.4,0,0,0,0,0,0,1,0.0,1,1,1,0,0,0,1,0,Matches
387,António Silva,DF,pt Portugal,20,2003,0.8,1,1,1,0,0,0,0,,0,0,0,0,0,1,2,1,Matches
388,Bernardo Silva,"FW,MF",pt Portugal,29,1994,4.7,5,4,1,3,1,1,6,16.7,5,2,0,2,0,5,3,0,Matches
389,Unai Simón,GK,es Spain,26,1997,6.3,0,0,0,0,0,0,0,,0,0,0,0,0,0,3,1,Matches
390,Xavi Simons,"MF,FW",nl Netherlands,20,2003,5.0,8,5,3,4,1,5,6,83.3,1,7,0,7,5,13,0,0,Matches
391,Michał Skóraś,DF,pl Poland,23,2000,0.3,1,1,0,1,0,0,0,,0,0,0,0,1,2,1,0,Matches
392,Łukasz Skorupski,GK,pl Poland,32,1991,1.0,0,0,0,0,0,0,0,,0,0,0,0,0,0,4,0,Matches
393,Andreas Skov Olsen,"MF,FW",dk Denmark,24,1999,1.4,1,1,0,0,1,1,2,50.0,1,2,0,2,0,1,2,0,Matches
394,Milan Škriniar,DF,sk Slovakia,28,1995,4.3,3,1,3,0,0,2,4,50.0,2,4,4,0,2,5,17,0,Matches
395,Bartosz Slisz,MF,pl Poland,24,1999,1.2,1,1,0,0,1,0,0,,0,1,0,1,2,3,3,0,Matches
396,Yann Sommer,GK,ch Switzerland,35,1988,5.3,0,0,0,0,0,0,0,,0,0,0,0,0,0,2,0,Matches
397,Deian Sorescu,"MF,DF",ro Romania,26,1997,0.4,0,0,0,0,0,0,0,,0,1,0,1,1,1,1,0,Matches
398,Borna Sosa,DF,hr Croatia,26,1998,0.1,0,0,0,0,0,0,1,0.0,1,1,1,0,0,0,0,0,Matches
399,Tomáš Souček,MF,cz Czechia,28,1995,3.0,5,3,2,2,1,3,6,50.0,3,6,2,4,3,8,5,0,Matches
400,Andraž Šporar,FW,si Slovenia,29,1994,3.8,2,2,1,0,1,1,1,100.0,0,2,1,1,0,2,4,0,Matches
401,Nicolae Stanciu,"MF,FW",ro Romania,30,1993,3.9,3,2,1,2,0,1,4,25.0,3,1,1,0,1,4,5,0,Matches
402,Jindřich Staněk,GK,cz Czechia,27,1996,2.6,0,0,0,0,0,0,0,,0,0,0,0,0,0,1,0,Matches
403,Josip Stanišić,DF,hr Croatia,23,2000,2.0,10,8,3,5,2,5,9,55.6,4,3,1,2,4,14,2,0,Matches
404,Renato Steffen,DF,ch Switzerland,32,1991,0.0,0,0,0,0,0,0,0,,0,0,0,0,0,0,0,0,Matches
405,Taras Stepanenko,MF,ua Ukraine,34,1989,0.9,3,3,3,0,0,3,5,60.0,2,2,1,1,1,4,2,0,Matches
406,Leonidas Stergiou,DF,ch Switzerland,21,2002,0.5,4,2,3,1,0,1,3,33.3,2,0,0,0,0,4,4,0,Matches
407,Petar Stojanović,MF,si Slovenia,28,1995,3.5,6,5,5,1,0,3,8,37.5,5,4,1,3,1,7,4,0,Matches
408,John Stones,DF,eng England,29,1994,7.7,4,3,2,1,1,2,2,100.0,0,4,4,0,1,5,22,0,Matches
409,Thomas Strakosha,GK,al Albania,28,1995,3.0,0,0,0,0,0,0,0,,0,0,0,0,0,0,1,0,Matches
410,Dávid Strelec,FW,sk Slovakia,22,2001,2.0,0,0,0,0,0,0,0,,0,2,0,2,0,0,0,0,Matches
411,Callum Styles,MF,hu Hungary,23,2000,0.7,0,0,0,0,0,0,1,0.0,1,0,0,0,1,1,1,0,Matches
412,Luka Sučić,"FW,MF",hr Croatia,21,2002,1.6,0,0,0,0,0,0,0,,0,4,0,4,1,1,1,0,Matches
413,Heorhiy Sudakov,MF,ua Ukraine,21,2002,2.9,3,1,2,1,0,3,4,75.0,1,4,1,3,0,3,1,0,Matches
414,Pavel Šulc,MF,cz Czechia,23,2000,0.9,1,1,1,0,0,1,2,50.0,1,1,1,0,1,2,2,0,Matches
415,Tomáš Suslov,"FW,MF",sk Slovakia,21,2002,1.4,4,1,1,3,0,1,4,25.0,3,4,0,4,1,5,0,0,Matches
416,Josip Šutalo,DF,hr Croatia,23,2000,3.0,5,3,5,0,0,2,3,66.7,1,6,5,1,13,18,7,1,Matches
417,Oleksandr Svatok,DF,ua Ukraine,29,1994,0.9,0,0,0,0,0,0,0,,0,2,1,1,3,3,2,0,Matches
418,Karol Świderski,FW,pl Poland,27,1997,1.0,0,0,0,0,0,0,0,,0,0,0,0,0,0,0,0,Matches
419,Serhiy Sydorchuk,MF,ua Ukraine,32,1991,0.1,0,0,0,0,0,0,0,,0,0,0,0,0,0,0,0,Matches
420,Attila Szalai,DF,hu Hungary,26,1998,1.1,2,2,2,0,0,1,3,33.3,2,0,0,0,2,4,2,0,Matches
421,Wojciech Szczęsny,GK,pl Poland,33,1990,2.0,0,0,0,0,0,0,1,0.0,1,1,0,1,0,0,2,0,Matches
422,Dominik Szoboszlai,MF,hu Hungary,23,2000,3.0,2,0,0,1,1,0,0,,0,4,1,3,2,4,6,0,Matches
423,Sebastian Szymański,MF,pl Poland,24,1999,1.2,7,2,5,2,0,5,10,50.0,5,3,1,2,3,10,1,0,Matches
424,Dušan Tadić,MF,rs Serbia,35,1988,1.7,2,2,0,1,1,0,0,,0,1,0,1,1,3,3,0,Matches
425,Jonathan Tah,DF,de Germany,27,1996,3.5,2,1,1,1,0,1,1,100.0,0,2,1,1,4,6,11,0,Matches
426,Maksym Talovierov,MF,ua Ukraine,23,2000,0.0,0,0,0,0,0,0,0,,0,0,0,0,0,0,0,0,Matches
427,Aurélien Tchouaméni,MF,fr France,24,2000,5.2,9,7,3,4,2,3,8,37.5,5,2,1,1,5,14,10,1,Matches
428,Arthur Theate,DF,be Belgium,23,2000,2.8,2,2,0,0,2,0,1,0.0,1,5,0,5,2,4,9,0,Matches
429,Marcus Thuram,FW,fr France,26,1997,2.9,2,2,0,0,2,0,0,,0,6,2,4,0,2,2,0,Matches
430,Youri Tielemans,MF,be Belgium,26,1997,1.6,2,2,1,1,0,0,1,0.0,1,3,1,2,1,3,0,0,Matches
431,Kieran Tierney,DF,sct Scotland,26,1997,1.5,2,1,2,0,0,1,3,33.3,2,1,1,0,0,2,4,0,Matches
432,Ivan Toney,"FW,MF",eng England,27,1996,0.5,1,1,0,1,0,0,0,,0,0,0,0,0,1,1,0,Matches
433,Ferrán Torres,"FW,MF",es Spain,23,2000,1.7,0,0,0,0,0,0,1,0.0,1,3,0,3,1,1,1,0,Matches
434,Cenk Tosun,FW,tr Türkiye,32,1991,0.3,0,0,0,0,0,0,0,,0,0,0,0,0,0,0,0,Matches
435,Gernot Trauner,DF,at Austria,31,1992,1.0,2,1,2,0,0,0,1,0.0,1,2,2,0,1,3,1,0,Matches
436,Kieran Trippier,DF,eng England,33,1990,5.0,7,4,3,3,1,3,8,37.5,5,3,1,2,5,12,8,0,Matches
437,Leandro Trossard,FW,be Belgium,29,1994,1.9,2,1,1,1,0,1,2,50.0,1,2,0,2,0,2,0,0,Matches
438,Anatolii Trubin,GK,ua Ukraine,22,2001,2.0,0,0,0,0,0,0,0,,0,0,0,0,0,0,1,0,Matches
439,Heorhii Tsitaishvili,"DF,MF",ge Georgia,23,2000,2.1,5,4,5,0,0,3,3,100.0,0,0,0,0,0,5,3,1,Matches
440,Viktor Tsyhankov,FW,ua Ukraine,26,1997,0.7,0,0,0,0,0,0,1,0.0,1,1,0,1,0,0,1,0,Matches
441,Ľubomír Tupta,MF,sk Slovakia,25,1998,0.1,0,0,0,0,0,0,0,,0,0,0,0,0,0,0,0,Matches
442,Oleksandr Tymchyk,DF,ua Ukraine,27,1997,2.2,10,4,5,5,0,6,12,50.0,6,2,0,2,3,13,6,0,Matches
443,Deniz Undav,MF,de Germany,27,1996,0.1,1,1,0,0,1,1,1,100.0,0,0,0,0,0,1,0,0,Matches
444,Dayot Upamecano,DF,fr France,25,1998,6.3,9,7,6,3,0,5,6,83.3,1,3,1,2,6,15,24,0,Matches
445,Kacper Urbanski,"FW,MF",pl Poland,19,2004,1.6,2,1,2,0,0,1,3,33.3,2,2,0,2,1,3,2,0,Matches
446,Virgil van Dijk,DF,nl Netherlands,32,1991,6.0,4,2,4,0,0,1,1,100.0,0,5,4,1,2,6,36,1,Matches
447,Vladyslav Vanat,FW,ua Ukraine,22,2002,0.2,0,0,0,0,0,0,0,,0,0,0,0,0,0,0,0,Matches
448,Barnabás Varga,FW,hu Hungary,30,1994,2.8,4,1,1,2,1,2,2,100.0,0,5,1,4,1,5,7,0,Matches
449,Ruben Vargas,"MF,FW",ch Switzerland,25,1998,3.4,6,5,3,2,1,2,4,50.0,2,5,0,5,2,8,4,1,Matches
450,Denis Vavro,DF,sk Slovakia,27,1996,4.3,2,1,2,0,0,2,4,50.0,2,6,5,1,2,4,18,0,Matches
451,Joey Veerman,MF,nl Netherlands,25,1998,2.3,3,1,1,1,1,3,7,42.9,4,4,1,3,1,4,1,0,Matches
452,Miloš Veljković,DF,rs Serbia,28,1995,3.0,2,0,2,0,0,2,2,100.0,0,0,0,0,0,2,6,0,Matches
453,Micky van de Ven,DF,nl Netherlands,22,2001,0.8,1,1,1,0,0,1,2,50.0,1,2,1,1,0,1,5,0,Matches
454,Benjamin Verbič,MF,si Slovenia,30,1993,0.8,3,2,1,2,0,1,3,33.3,2,0,0,0,1,4,2,0,Matches
455,Bart Verbruggen,GK,nl Netherlands,21,2002,6.0,1,1,1,0,0,0,0,,0,0,0,0,0,1,4,0,Matches
456,Jan Vertonghen,DF,be Belgium,36,1987,3.0,4,2,1,3,0,0,0,,0,2,1,1,0,4,10,0,Matches
457,Jannik Vestergaard,DF,dk Denmark,31,1992,4.0,3,3,3,0,0,3,3,100.0,0,3,2,1,4,7,12,0,Matches
458,Žan Vipotnik,FW,si Slovenia,21,2002,0.2,0,0,0,0,0,0,1,0.0,1,0,0,0,0,0,1,0,Matches
459,Vitinha,MF,pt Portugal,23,2000,4.0,3,3,0,2,1,1,3,33.3,2,3,1,2,2,5,3,0,Matches
460,Daniel Vivian,DF,es Spain,24,1999,1.4,2,2,2,0,0,2,3,66.7,1,1,1,0,1,3,10,0,Matches
461,Dušan Vlahović,"MF,FW",rs Serbia,24,2000,2.0,0,0,0,0,0,0,1,0.0,1,0,0,0,1,1,0,0,Matches
462,Stefan de Vrij,DF,nl Netherlands,31,1992,6.0,12,7,7,4,1,8,10,80.0,2,6,2,4,2,14,20,0,Matches
463,Kyle Walker,DF,eng England,33,1990,7.7,7,4,3,3,1,4,6,66.7,2,7,1,6,6,13,7,0,Matches
464,Ollie Watkins,FW,eng England,28,1995,0.7,0,0,0,0,0,0,0,,0,0,0,0,1,1,0,0,Matches
465,Wout Weghorst,FW,nl Netherlands,31,1992,1.5,2,1,1,1,0,1,1,100.0,0,2,1,1,0,2,2,0,Matches
466,Andreas Weimann,FW,at Austria,32,1991,0.0,0,0,0,0,0,0,0,,0,0,0,0,0,0,0,0,Matches
467,Silvan Widmer,DF,ch Switzerland,30,1993,3.3,2,1,1,1,0,1,1,100.0,0,3,1,2,2,4,11,0,Matches
468,Georginio Wijnaldum,MF,nl Netherlands,33,1990,0.8,0,0,0,0,0,0,0,,0,0,0,0,0,0,0,0,Matches
469,Nico Williams,FW,es Spain,21,2002,5.5,3,2,0,1,2,1,5,20.0,4,5,0,5,0,3,1,0,Matches
470,Patrick Wimmer,"FW,MF",at Austria,22,2001,1.5,2,2,0,2,0,1,5,20.0,4,4,0,4,0,2,1,0,Matches
471,Jonas Wind,FW,dk Denmark,24,1999,2.1,0,0,0,0,0,0,1,0.0,1,1,0,1,0,0,1,0,Matches
472,Florian Wirtz,"FW,MF",de Germany,20,2003,3.1,3,3,0,2,1,1,3,33.3,2,3,0,3,1,4,1,0,Matches
473,Maximilian Wöber,DF,at Austria,25,1998,1.9,4,3,2,2,0,2,3,66.7,1,3,2,1,4,8,6,0,Matches
474,Granit Xhaka,MF,ch Switzerland,31,1992,5.3,8,5,3,4,1,4,6,66.7,2,5,4,1,1,9,15,0,Matches
475,Lamine Yamal,FW,es Spain,16,2007,5.6,11,6,5,4,2,5,9,55.6,4,6,0,6,3,14,2,0,Matches
476,Roman Yaremchuk,FW,ua Ukraine,28,1995,1.3,0,0,0,0,0,0,2,0.0,2,1,1,0,0,0,1,0,Matches
477,Andriy Yarmolenko,"FW,MF",ua Ukraine,34,1989,1.2,2,2,0,1,1,1,3,33.3,2,1,0,1,1,3,0,0,Matches
478,Yusuf Yazıcı,"MF,FW",tr Türkiye,27,1997,0.6,1,1,0,0,1,1,3,33.3,2,0,0,0,0,1,0,0,Matches
479,Kenan Yıldız,"FW,MF",tr Türkiye,18,2005,3.8,3,2,2,1,0,2,2,100.0,0,4,0,4,0,3,2,0,Matches
480,Okay Yokuşlu,"MF,DF",tr Türkiye,29,1994,0.6,2,1,1,1,0,0,1,0.0,1,2,0,2,2,4,4,0,Matches
481,İsmail Yüksek,MF,tr Türkiye,25,1999,1.7,6,2,2,3,1,3,5,60.0,2,2,1,1,1,7,4,0,Matches
482,Illia Zabarnyi,DF,ua Ukraine,21,2002,3.0,4,3,4,0,0,1,2,50.0,1,2,2,0,1,5,7,0,Matches
483,Mattia Zaccagni,"MF,FW",it Italy,28,1995,0.9,1,0,0,1,0,0,1,0.0,1,1,0,1,1,2,0,0,Matches
484,Denis Zakaria,MF,ch Switzerland,27,1996,0.3,0,0,0,0,0,0,0,,0,1,0,1,0,0,1,0,Matches
485,Nicola Zalewski,DF,pl Poland,22,2002,2.7,3,1,2,1,0,1,5,20.0,4,2,1,1,2,5,4,0,Matches
486,Piotr Zieliński,MF,pl Poland,29,1994,2.8,0,0,0,0,0,0,2,0.0,2,4,0,4,2,2,3,0,Matches
487,Oleksandr Zinchenko,DF,ua Ukraine,27,1996,2.4,6,5,4,1,1,4,8,50.0,4,4,1,3,1,7,4,0,Matches
488,Joshua Zirkzee,"FW,DF",nl Netherlands,22,2001,0.1,1,1,1,0,0,0,0,,0,0,0,0,0,1,0,0,Matches
489,Andrija Živković,DF,rs Serbia,27,1996,2.7,2,2,2,0,0,1,2,50.0,1,3,0,3,0,2,5,0,Matches
490,Budu Zivzivadze,"FW,MF",ge Georgia,29,1994,0.2,0,0,0,0,0,0,0,,0,0,0,0,0,0,0,0,Matches
491,Steven Zuber,MF,ch Switzerland,32,1991,0.9,0,0,0,0,0,0,1,0.0,1,0,0,0,0,0,0,0,Matches
492,Martín Zubimendi,MF,es Spain,24,1999,1.6,8,5,3,3,2,4,6,66.7,2,1,1,0,0,8,0,0,Matches
493,Oleksandr Zubkov,FW,ua Ukraine,27,1996,0.3,1,0,1,0,0,0,3,0.0,3,1,0,1,0,1,1,0,Matches