Rk,Player,Pos,Squad,Age,Born,90s,Touches,Def Pen,Def 3rd,Mid 3rd,Att 3rd,Att Pen,Live,Att,Succ,Succ%,Tkld,Tkld%,Carries,TotDist,PrgDist,PrgC,1/3,CPA,Mis,Dis,Rec,PrgR,Matches
1,Che Adams,FW,sct Scotland,27,1996,2.3,51,0,4,27,21,6,51,1,0,0.0,1,100.0,34,211,84,3,3,0,7,4,36,10,Matches
2,Michel Aebischer,DF,ch Switzerland,27,1997,5.3,288,11,57,126,108,3,288,6,1,16.7,3,50.0,178,671,271,4,8,1,5,1,197,18,Matches
3,Arlind Ajeti,DF,al Albania,30,1993,3.0,135,30,84,50,2,1,135,1,1,100.0,0,0.0,76,271,121,1,1,0,0,0,89,0,Matches
4,Manuel Akanji,DF,ch Switzerland,28,1995,5.3,365,70,177,182,7,1,365,0,0,,0,,234,1338,821,2,4,0,1,0,238,1,Matches
5,Samet Akaydın,DF,tr Türkiye,29,1994,3.7,248,27,110,135,4,2,248,0,0,,0,,139,861,461,1,1,0,2,1,168,0,Matches
6,Nathan Aké,DF,nl Netherlands,28,1995,5.2,310,17,93,168,52,9,310,1,1,100.0,0,0.0,183,940,572,7,11,0,0,2,205,11,Matches
7,Yunus Akgün,FW,tr Türkiye,23,2000,0.8,27,0,2,12,13,1,27,4,1,25.0,3,75.0,20,111,48,3,2,0,2,0,22,5,Matches
8,Kerem Aktürkoğlu,"FW,MF",tr Türkiye,25,1998,1.2,60,3,16,19,27,12,60,8,3,37.5,5,62.5,33,339,217,7,3,3,1,0,34,11,Matches
9,Trent Alexander-Arnold,"MF,DF",eng England,25,1998,1.5,121,6,25,66,32,3,121,4,0,0.0,2,50.0,73,349,213,5,3,2,2,1,93,5,Matches
10,Denis Alibec,FW,ro Romania,33,1991,0.3,7,0,0,3,4,1,7,0,0,,0,,6,12,8,0,0,0,2,1,8,2,Matches
11,Barış Alper Yılmaz,FW,tr Türkiye,23,2000,5.0,140,1,13,54,74,13,140,17,8,47.1,7,41.2,85,690,371,14,8,6,8,9,113,36,Matches
12,Sandro Altunashvili,MF,ge Georgia,26,1997,0.6,22,1,6,12,4,0,22,1,0,0.0,1,100.0,10,47,20,1,0,0,1,0,13,0,Matches
13,Zeki Amdouni,"MF,FW",ch Switzerland,23,2000,0.6,27,1,4,14,10,3,27,4,1,25.0,3,75.0,23,159,89,3,0,1,3,3,23,6,Matches
14,Joachim Andersen,DF,dk Denmark,27,1996,4.0,329,12,112,189,28,7,329,1,0,0.0,1,100.0,226,932,540,7,3,1,1,1,246,1,Matches
15,Robert Andrich,MF,de Germany,29,1994,3.5,272,17,52,169,51,2,272,0,0,,0,,153,715,283,1,5,0,2,2,197,3,Matches
16,Waldemar Anton,DF,de Germany,27,1996,0.4,28,5,18,7,3,1,28,0,0,,0,,14,73,40,0,0,0,0,0,17,0,Matches
17,Stuart Armstrong,MF,sct Scotland,31,1992,0.2,15,0,4,3,8,2,15,1,1,100.0,0,0.0,8,63,25,1,0,0,2,1,9,1,Matches
18,Marko Arnautović,FW,at Austria,34,1989,3.1,69,2,4,21,45,8,68,1,1,100.0,0,0.0,47,201,72,1,3,0,5,3,52,16,Matches
19,Jasir Asani,FW,al Albania,28,1995,2.3,63,3,17,28,20,2,63,8,2,25.0,5,62.5,44,328,183,4,1,0,4,1,41,9,Matches
20,Kristjan Asllani,MF,al Albania,21,2002,3.0,211,9,56,112,44,1,211,3,2,66.7,1,33.3,129,515,280,3,1,0,3,0,156,3,Matches
21,Kaan Ayhan,"MF,DF",tr Türkiye,29,1994,4.0,225,24,77,114,34,3,225,1,1,100.0,0,0.0,113,605,318,1,2,0,3,1,157,4,Matches
22,Alex Baena,"MF,FW",es Spain,22,2001,0.3,16,0,6,7,3,0,16,1,0,0.0,1,100.0,9,48,30,1,1,0,1,1,13,4,Matches
23,Alexander Bah,"DF,MF",dk Denmark,26,1997,3.1,184,6,37,91,56,5,184,1,1,100.0,0,0.0,115,398,168,5,2,1,2,1,118,9,Matches
24,Nedim Bajrami,"FW,MF",al Albania,24,1999,2.7,100,0,18,60,25,4,100,7,2,28.6,5,71.4,72,521,180,7,6,2,3,3,76,14,Matches
25,Johan Bakayoko,"FW,DF",be Belgium,20,2003,0.5,27,1,10,3,14,2,27,0,0,,0,,16,71,36,0,0,0,0,0,17,1,Matches
26,Jure Balkovec,DF,si Slovenia,29,1994,1.3,59,6,25,27,7,0,59,0,0,,0,,8,35,15,0,0,0,1,0,17,0,Matches
27,Iván Balliu,DF,al Albania,32,1992,1.0,49,4,19,25,5,0,49,0,0,,0,,25,102,58,1,0,0,0,0,30,1,Matches
28,Nicușor Bancu,DF,ro Romania,31,1992,3.0,165,13,62,59,44,0,165,3,2,66.7,0,0.0,59,366,255,7,4,0,2,1,82,4,Matches
29,Antonín Barák,MF,cz Czechia,29,1994,0.5,28,0,4,6,18,1,28,2,1,50.0,1,50.0,20,123,17,1,0,1,3,0,21,4,Matches
30,Bradley Barcola,"FW,MF",fr France,21,2002,1.1,54,0,3,15,38,10,54,12,7,58.3,3,25.0,41,423,338,9,3,7,2,1,42,20,Matches
31,Abdülkerim Bardakcı,DF,tr Türkiye,29,1994,4.0,246,35,119,111,17,4,246,1,0,0.0,1,100.0,140,736,453,6,6,0,2,2,172,1,Matches
32,Nicolò Barella,MF,it Italy,26,1997,3.7,286,5,48,184,57,0,286,3,2,66.7,0,0.0,244,1084,483,8,7,0,4,7,242,7,Matches
33,Alessandro Bastoni,DF,it Italy,24,1999,4.0,366,51,138,202,26,3,366,0,0,,0,,285,1348,846,5,9,0,1,0,274,6,Matches
34,Martin Baturina,FW,hr Croatia,20,2003,0.1,5,1,1,2,3,1,5,3,3,100.0,0,0.0,3,24,15,1,0,1,0,0,2,0,Matches
35,Christoph Baumgartner,"MF,FW",at Austria,24,1999,3.2,160,2,18,59,85,22,160,16,8,50.0,7,43.8,108,739,448,17,13,7,9,6,114,17,Matches
36,Altay Bayındır,GK,tr Türkiye,25,1998,1.0,36,31,36,0,0,0,36,0,0,,0,,29,190,105,0,0,0,0,0,23,0,Matches
37,Jan Bednarek,DF,pl Poland,27,1996,3.0,135,26,88,45,2,1,135,1,1,100.0,0,0.0,52,256,139,0,0,0,0,0,70,0,Matches
38,Maximilian Beier,FW,de Germany,21,2002,0.3,9,0,1,2,6,2,9,1,1,100.0,0,0.0,4,11,1,0,0,0,2,1,7,3,Matches
39,Jude Bellingham,"MF,FW",eng England,20,2003,7.4,442,9,48,233,171,34,442,36,17,47.2,15,41.7,299,1887,918,26,21,9,12,10,366,36,Matches
40,László Bénes,MF,sk Slovakia,26,1997,0.8,57,1,5,23,29,2,57,0,0,,0,,41,116,41,0,2,0,1,0,40,8,Matches
41,Bartosz Bereszyński,DF,pl Poland,31,1992,0.1,2,0,0,1,1,0,2,0,0,,0,,2,29,24,0,0,0,0,0,2,0,Matches
42,Steven Bergwijn,FW,nl Netherlands,26,1997,1.0,56,0,3,18,37,0,56,4,2,50.0,0,0.0,41,262,157,7,7,0,0,0,44,4,Matches
43,Medon Berisha,MF,al Albania,20,2003,0.2,13,0,2,7,4,0,13,1,1,100.0,0,0.0,8,14,5,0,0,0,0,0,10,1,Matches
44,Victor Bernth Kristiansen,"DF,MF",dk Denmark,21,2002,1.7,105,3,20,40,45,4,105,1,1,100.0,0,0.0,71,368,169,5,3,0,2,1,75,18,Matches
45,Matúš Bero,"MF,DF",sk Slovakia,28,1995,0.5,31,0,5,10,16,2,31,0,0,,0,,16,66,37,1,1,0,0,1,17,6,Matches
46,Jaka Bijol,DF,si Slovenia,24,1999,4.3,202,60,127,72,4,4,202,0,0,,0,,86,378,169,0,1,0,1,1,99,0,Matches
47,Veljko Birmančević,DF,rs Serbia,25,1998,0.3,21,0,1,5,15,1,21,2,1,50.0,1,50.0,13,97,58,3,2,1,1,0,12,7,Matches
48,Daley Blind,FW,nl Netherlands,33,1990,0.0,0,0,0,0,0,0,0,0,0,,0,,0,0,0,0,0,0,0,0,0,0,Matches
49,Bendegúz Bolla,DF,hu Hungary,24,1999,2.3,91,7,27,29,36,2,91,4,0,0.0,4,100.0,54,334,153,2,1,0,2,0,52,13,Matches
50,Endre Botka,DF,hu Hungary,29,1994,1.0,56,3,21,29,7,0,56,1,0,0.0,1,100.0,24,107,46,0,1,0,0,0,22,0,Matches
51,Jarrod Bowen,FW,eng England,27,1996,0.4,23,1,5,8,10,0,23,2,0,0.0,2,100.0,11,62,15,1,1,0,2,0,13,3,Matches
52,Róbert Boženík,FW,sk Slovakia,24,1999,2.3,62,3,5,35,23,6,62,1,0,0.0,1,100.0,37,130,48,1,2,0,8,6,41,10,Matches
53,Volodymyr Brazhko,MF,ua Ukraine,22,2002,2.0,103,9,45,49,11,0,103,1,1,100.0,0,0.0,61,182,75,0,2,0,0,1,71,1,Matches
54,David Brekalo,MF,si Slovenia,25,1998,0.0,3,1,3,0,0,0,3,0,0,,0,,0,0,0,0,0,0,0,0,0,0,Matches
55,Brian Brobbey,FW,nl Netherlands,21,2002,0.0,0,0,0,0,0,0,0,0,0,,0,,0,0,0,0,0,0,0,0,0,0,Matches
56,Armando Broja,FW,al Albania,22,2001,1.2,29,1,3,13,14,2,29,7,3,42.9,4,57.1,19,142,59,2,3,0,1,3,25,4,Matches
57,Marcelo Brozović,MF,hr Croatia,31,1992,2.5,207,8,46,131,30,1,207,1,1,100.0,0,0.0,126,594,258,2,4,0,1,0,169,6,Matches
58,Jacob Bruun Larsen,FW,dk Denmark,25,1998,0.1,6,0,0,2,4,0,6,0,0,,0,,7,35,22,1,0,0,0,1,7,4,Matches
59,Ante Budimir,FW,hr Croatia,32,1991,1.4,36,3,3,12,21,12,36,2,1,50.0,1,50.0,12,35,8,1,0,0,4,1,22,5,Matches
60,Adam Buksa,FW,pl Poland,27,1996,1.7,30,3,6,11,13,4,30,2,0,0.0,2,100.0,13,62,22,1,0,1,3,1,19,6,Matches
61,Andrei Burcă,DF,ro Romania,30,1993,4.0,180,31,98,73,9,2,180,0,0,,0,,103,451,214,2,1,0,2,3,114,1,Matches
62,Riccardo Calafiori,DF,it Italy,21,2002,3.0,257,21,83,143,31,3,257,2,2,100.0,0,0.0,213,1077,589,7,8,0,0,3,204,1,Matches
63,Hakan Çalhanoğlu,MF,tr Türkiye,29,1994,3.9,288,11,49,160,82,5,288,2,1,50.0,1,50.0,158,858,344,5,3,1,3,3,217,12,Matches
64,Eduardo Camavinga,MF,fr France,21,2002,1.9,114,7,17,64,33,4,114,0,0,,0,,74,335,140,2,3,0,0,2,78,5,Matches
65,Andrea Cambiaso,"FW,DF",it Italy,23,2000,0.8,54,2,15,20,19,3,54,1,1,100.0,0,0.0,40,191,80,1,0,0,1,0,40,7,Matches
66,Emre Can,MF,de Germany,30,1994,1.1,88,5,18,43,27,1,88,0,0,,0,,49,206,93,1,2,0,3,1,68,1,Matches
67,João Cancelo,"DF,MF",pt Portugal,29,1994,3.8,296,10,66,141,94,9,296,16,10,62.5,5,31.3,185,1036,589,14,9,6,5,5,199,26,Matches
68,Yannick Carrasco,"DF,FW",be Belgium,30,1993,2.4,119,2,19,63,40,9,119,5,2,40.0,2,40.0,83,359,187,5,3,5,1,3,88,12,Matches
69,Dani Carvajal,DF,es Spain,32,1992,5.2,366,17,77,182,110,9,366,5,1,20.0,3,60.0,208,878,383,11,10,1,3,4,249,15,Matches
70,Timothy Castagne,DF,be Belgium,28,1995,4.0,254,17,85,99,72,4,254,1,1,100.0,0,0.0,143,512,282,4,6,0,4,0,160,16,Matches
71,Koen Casteels,GK,be Belgium,31,1992,4.0,150,125,149,1,0,0,150,0,0,,0,,85,355,183,0,0,0,0,0,76,0,Matches
72,Žan Celar,"FW,MF",si Slovenia,24,1999,0.7,23,2,3,13,7,0,23,0,0,,0,,10,48,14,1,1,0,1,2,15,2,Matches
73,Zeki Çelik,"DF,MF",tr Türkiye,26,1997,1.2,61,0,13,22,26,2,61,0,0,,0,,32,133,60,1,0,0,0,2,37,11,Matches
74,Václav Černý,MF,cz Czechia,26,1997,0.6,38,0,4,14,20,2,38,1,1,100.0,0,0.0,22,117,47,1,0,0,0,2,23,2,Matches
75,Giorgi Chakvetadze,"MF,FW",ge Georgia,24,1999,2.7,126,4,38,61,30,4,126,3,2,66.7,1,33.3,71,499,370,8,4,1,5,5,81,7,Matches
76,Federico Chiesa,"FW,MF",it Italy,26,1997,2.9,138,2,14,46,78,14,138,15,8,53.3,6,40.0,106,768,361,14,2,6,8,4,100,32,Matches
77,Tomáš Chorý,MF,cz Czechia,29,1995,0.4,11,0,0,3,8,5,11,1,1,100.0,0,0.0,8,33,3,0,0,0,2,1,10,1,Matches
78,Andreas Christensen,DF,dk Denmark,27,1996,3.9,261,15,92,160,9,4,261,0,0,,0,,192,728,325,1,1,0,0,0,201,0,Matches
79,Ryan Christie,"MF,FW",sct Scotland,28,1995,1.1,32,0,6,13,14,1,32,2,1,50.0,1,50.0,17,73,13,0,2,0,4,3,19,4,Matches
80,Mojmir Chytil,FW,cz Czechia,24,1999,1.2,29,2,5,11,14,4,29,3,1,33.3,1,33.3,19,77,40,0,0,0,5,0,23,2,Matches
81,Alexandru Cicâldău,MF,ro Romania,26,1997,0.2,10,0,3,5,2,0,10,0,0,,0,,3,10,5,0,0,0,2,0,5,0,Matches
82,Florinel Coman,MF,ro Romania,25,1998,1.3,43,2,12,12,19,3,43,3,2,66.7,1,33.3,20,98,71,3,0,1,3,0,26,4,Matches
83,Kingsley Coman,MF,fr France,27,1996,0.2,10,0,1,0,9,0,10,0,0,,0,,11,73,29,0,0,0,0,1,11,3,Matches
84,Francisco Conceição,"FW,MF",pt Portugal,21,2002,2.0,156,0,7,40,111,14,156,16,7,43.8,7,43.8,124,890,433,15,3,8,5,2,130,34,Matches
85,Diogo Costa,GK,pt Portugal,24,1999,5.7,161,131,161,0,0,0,161,0,0,,0,,101,444,273,0,0,0,0,0,85,0,Matches
86,Vladimír Coufal,"DF,FW",cz Czechia,31,1992,3.0,187,17,52,64,74,3,187,8,0,0.0,7,87.5,82,464,234,10,5,0,2,5,88,12,Matches
87,Bryan Cristante,MF,it Italy,28,1995,1.5,126,4,28,74,24,3,126,1,1,100.0,0,0.0,106,524,254,4,4,1,1,0,105,2,Matches
88,Kevin Csoboth,DF,hu Hungary,23,2000,0.1,14,0,3,8,3,2,14,1,0,0.0,0,0.0,10,68,42,1,0,0,0,0,9,1,Matches
89,Marc Cucurella,DF,es Spain,25,1998,6.1,425,19,90,182,154,7,425,1,0,0.0,1,100.0,247,1139,591,16,15,1,3,1,280,33,Matches
90,Mirlind Daku,FW,al Albania,26,1998,0.1,8,0,0,3,5,3,8,0,0,,0,,6,32,22,1,1,0,1,0,7,2,Matches
91,Diogo Dalot,"DF,MF",pt Portugal,24,1999,1.7,110,4,12,51,49,2,110,4,3,75.0,1,25.0,68,302,176,2,3,0,2,1,82,13,Matches
92,Mikkel Damsgaard,FW,dk Denmark,23,2000,0.4,20,0,4,10,7,1,20,1,0,0.0,1,100.0,13,37,13,0,0,0,0,0,15,2,Matches
93,Kevin Danso,DF,at Austria,25,1998,2.4,191,22,74,95,22,3,191,0,0,,0,,134,742,525,4,5,0,1,0,128,1,Matches
94,Márton Dárdai,DF,hu Hungary,21,2002,1.9,107,11,70,31,6,1,107,1,0,0.0,1,100.0,72,314,128,0,0,0,0,0,73,0,Matches
95,Matteo Darmian,DF,it Italy,34,1989,1.8,122,9,33,61,28,3,122,2,0,0.0,2,100.0,85,260,102,1,1,0,0,0,84,5,Matches
96,Zuriko Davitashvili,"FW,MF",ge Georgia,22,2001,1.3,56,0,7,22,27,6,56,5,0,0.0,5,100.0,33,238,98,3,2,1,3,4,41,11,Matches
97,Paweł Dawidowicz,DF,pl Poland,28,1995,2.0,96,23,70,23,3,1,96,0,0,,0,,48,267,151,0,0,0,0,0,65,0,Matches
98,Kevin De Bruyne,MF,be Belgium,32,1991,4.0,271,3,26,115,132,12,271,13,6,46.2,5,38.5,160,654,402,7,10,2,5,5,187,21,Matches
99,Charles De Ketelaere,FW,be Belgium,22,2001,0.0,0,0,0,0,0,0,0,0,0,,0,,0,0,0,0,0,0,0,0,0,0,Matches
100,Zeno Debast,DF,be Belgium,20,2003,1.2,124,13,61,59,4,1,124,0,0,,0,,85,302,181,0,0,0,1,0,87,0,Matches
101,Thomas Delaney,MF,dk Denmark,32,1991,0.9,43,1,15,21,7,1,43,0,0,,0,,19,61,30,2,0,0,2,1,21,4,Matches
102,Ousmane Dembélé,"FW,MF",fr France,26,1997,4.0,228,2,13,72,147,25,228,32,15,46.9,11,34.4,160,1451,880,32,18,12,8,0,161,46,Matches
103,Merih Demiral,DF,tr Türkiye,25,1998,2.3,140,34,86,44,10,3,140,0,0,,0,,51,271,139,0,0,0,0,1,75,0,Matches
104,Giovanni Di Lorenzo,"DF,FW",it Italy,30,1993,4.0,353,9,84,196,74,5,353,1,1,100.0,0,0.0,259,910,410,4,7,0,3,1,261,9,Matches
105,Rúben Dias,DF,pt Portugal,26,1997,4.7,443,38,160,255,30,4,443,1,1,100.0,0,0.0,316,1633,874,6,6,0,1,1,357,4,Matches
106,Federico Dimarco,"DF,FW",it Italy,26,1997,2.5,145,5,34,56,56,5,145,3,1,33.3,2,66.7,94,413,215,6,3,2,1,4,96,13,Matches
107,Berat Djimsiti,DF,al Albania,30,1993,3.0,171,34,107,58,6,3,171,1,1,100.0,0,0.0,87,286,157,1,0,0,0,0,118,0,Matches
108,Jeremy Doku,"FW,MF",be Belgium,21,2002,3.6,166,2,16,63,90,28,166,36,16,44.4,16,44.4,121,1150,669,30,12,20,10,10,134,31,Matches
109,Kasper Dolberg,FW,dk Denmark,26,1997,0.4,12,0,1,5,7,0,12,0,0,,0,,4,10,0,0,0,0,0,0,9,3,Matches
110,Gianluigi Donnarumma,GK,it Italy,24,1999,4.0,117,102,116,1,0,0,117,0,0,,0,,75,410,177,0,0,0,0,0,57,0,Matches
111,David Doudera,FW,cz Czechia,25,1998,1.0,38,3,23,13,3,0,38,3,2,66.7,1,33.3,24,185,101,3,1,0,3,0,23,1,Matches
112,Artem Dovbyk,FW,ua Ukraine,26,1997,2.7,52,2,3,16,34,16,52,2,2,100.0,0,0.0,33,132,58,2,1,2,6,3,36,12,Matches
113,Denis Drăguș,FW,ro Romania,24,1999,3.2,94,8,21,37,39,9,94,10,6,60.0,2,20.0,46,260,115,2,3,1,8,6,61,13,Matches
114,Radu Drăgușin,DF,ro Romania,21,2002,4.0,157,40,106,48,4,2,157,0,0,,0,,79,440,218,0,1,0,1,0,79,1,Matches
115,Vanja Drkušič,DF,si Slovenia,24,1999,4.3,146,26,83,62,2,1,146,1,1,100.0,0,0.0,67,368,168,0,0,0,0,1,75,1,Matches
116,Kwadwo Duah,FW,ch Switzerland,26,1997,1.2,34,0,1,19,14,5,34,0,0,,0,,17,98,39,1,1,0,5,0,28,5,Matches
117,Martin Dúbravka,GK,sk Slovakia,35,1989,4.3,173,142,171,2,0,0,173,0,0,,0,,108,558,251,0,0,0,0,0,92,0,Matches
118,Ondrej Duda,MF,sk Slovakia,29,1994,3.5,205,8,46,125,35,1,205,3,3,100.0,0,0.0,115,559,148,2,3,0,1,7,145,9,Matches
119,Denzel Dumfries,DF,nl Netherlands,27,1996,5.0,303,10,59,134,110,14,303,7,2,28.6,4,57.1,181,568,231,7,2,3,3,4,204,42,Matches
120,Dávid Ďuriš,"FW,MF",sk Slovakia,24,1999,0.3,4,0,0,1,3,0,4,0,0,,0,,3,25,0,0,1,0,1,1,3,0,Matches
121,Lasha Dvali,DF,ge Georgia,28,1995,4.0,172,33,120,49,3,0,172,1,0,0.0,1,100.0,81,386,204,2,0,0,1,1,105,0,Matches
122,Timi Elšnik,MF,si Slovenia,25,1998,4.0,156,7,41,87,29,6,156,9,3,33.3,5,55.6,73,582,278,12,4,3,2,1,77,3,Matches
123,Breel Embolo,FW,ch Switzerland,26,1997,3.3,90,3,6,39,47,17,90,8,3,37.5,4,50.0,71,349,130,4,2,5,12,14,80,13,Matches
124,Christian Eriksen,"MF,FW",dk Denmark,31,1992,3.9,255,3,20,107,132,15,255,4,2,50.0,1,25.0,156,541,277,5,3,2,6,2,173,14,Matches
125,Eberechi Eze,"DF,MF",eng England,25,1998,1.1,51,2,7,20,24,3,51,6,3,50.0,1,16.7,33,216,101,6,0,2,1,1,36,7,Matches
126,Wout Faes,DF,be Belgium,25,1998,4.0,322,44,168,153,3,0,322,1,1,100.0,0,0.0,210,869,544,3,1,0,1,0,243,0,Matches
127,Nicolò Fagioli,MF,it Italy,22,2001,1.1,111,1,15,63,33,0,111,2,1,50.0,1,50.0,92,495,244,3,9,0,0,2,90,0,Matches
128,João Félix,"MF,FW",pt Portugal,24,1999,1.2,88,0,3,19,66,4,88,6,2,33.3,4,66.7,62,363,150,2,7,0,0,0,76,15,Matches
129,Bruno Fernandes,MF,pt Portugal,29,1994,4.2,337,4,47,171,120,11,337,6,1,16.7,4,66.7,208,1165,672,17,11,5,4,8,252,33,Matches
130,Attila Fiola,DF,hu Hungary,33,1990,2.0,88,11,47,31,10,0,88,1,0,0.0,1,100.0,61,321,135,2,0,0,1,2,59,3,Matches
131,Phil Foden,"FW,MF",eng England,23,2000,6.9,422,4,34,214,178,10,422,17,9,52.9,7,41.2,273,1286,491,7,16,1,14,7,348,44,Matches
132,Youssouf Fofana,MF,fr France,25,1999,0.5,35,1,6,18,11,1,35,0,0,,0,,23,132,63,1,2,0,0,0,28,1,Matches
133,Michael Folorunsho,FW,it Italy,25,1998,0.0,2,0,0,1,1,0,2,0,0,,0,,1,2,0,0,0,0,0,0,1,0,Matches
134,Przemysław Frankowski,DF,pl Poland,28,1995,3.0,152,18,50,67,39,1,152,7,2,28.6,2,28.6,78,530,336,6,6,1,1,3,99,9,Matches
135,Davide Frattesi,MF,it Italy,24,1999,2.1,74,1,13,30,31,11,74,3,1,33.3,2,66.7,60,221,87,2,2,0,3,2,63,13,Matches
136,Remo Freuler,MF,ch Switzerland,31,1992,5.1,276,10,48,164,65,9,276,1,0,0.0,0,0.0,148,607,310,7,5,0,7,3,189,17,Matches
137,Jeremie Frimpong,FW,nl Netherlands,23,2000,1.0,32,0,4,15,15,2,32,1,0,0.0,1,100.0,27,189,95,3,2,2,1,3,27,10,Matches
138,Chris Führich,FW,de Germany,26,1998,0.2,17,0,0,8,10,1,17,1,1,100.0,0,0.0,13,94,38,3,2,1,0,0,13,3,Matches
139,Niclas Füllkrug,FW,de Germany,30,1993,1.8,58,3,4,21,33,14,58,1,0,0.0,1,100.0,29,99,48,2,0,1,6,1,49,12,Matches
140,Mijat Gaćinović,DF,rs Serbia,28,1995,0.5,30,1,7,9,14,2,30,1,0,0.0,1,100.0,17,75,19,0,3,0,1,1,18,4,Matches
141,Cody Gakpo,FW,nl Netherlands,24,1999,5.8,188,3,24,45,122,32,188,16,9,56.3,3,18.8,125,897,611,22,8,11,9,4,133,55,Matches
142,Conor Gallagher,MF,eng England,23,2000,1.3,66,4,11,47,8,0,66,3,1,33.3,1,33.3,37,175,61,0,0,0,1,2,48,1,Matches
143,Dániel Gazdag,MF,hu Hungary,27,1996,0.0,3,1,1,1,1,1,3,0,0,,0,,0,0,0,0,0,0,0,0,1,0,Matches
144,Lutsharel Geertruida,DF,nl Netherlands,23,2000,1.2,90,1,29,50,12,0,90,2,0,0.0,2,100.0,61,239,55,1,1,0,2,0,67,0,Matches
145,Billy Gilmour,MF,sct Scotland,22,2001,2.0,129,3,28,80,21,2,129,5,2,40.0,1,20.0,88,443,180,3,6,0,1,3,97,3,Matches
146,Olivier Giroud,FW,fr France,37,1986,0.7,20,1,1,4,15,8,20,0,0,,0,,6,5,3,0,0,0,2,1,13,5,Matches
147,Klaus Gjasula,MF,al Albania,34,1989,0.2,17,2,5,7,5,1,17,1,0,0.0,1,100.0,4,8,0,0,0,0,1,0,9,0,Matches
148,Adam Gnezda Čerin,MF,si Slovenia,24,1999,4.3,204,13,50,117,41,2,204,2,2,100.0,0,0.0,90,531,248,4,4,0,4,2,117,5,Matches
149,Anthony Gordon,FW,eng England,22,2001,0.0,4,0,0,3,1,0,4,0,0,,0,,3,40,13,0,0,0,1,0,3,1,Matches
150,Jon Gorenc Stanković,MF,si Slovenia,28,1996,1.0,30,5,8,18,4,0,30,0,0,,0,,8,15,9,0,1,0,0,0,15,1,Matches
151,Michael Gregoritsch,FW,at Austria,29,1994,1.4,42,0,0,20,22,8,42,1,0,0.0,1,100.0,30,124,17,0,1,1,1,0,36,9,Matches
152,Antoine Griezmann,"MF,FW",fr France,32,1991,4.4,234,3,24,88,124,16,234,2,2,100.0,0,0.0,154,566,312,7,3,2,7,5,163,23,Matches
153,Florian Grillitsch,MF,at Austria,28,1995,2.2,182,0,24,107,52,2,182,2,0,0.0,0,0.0,137,694,395,5,4,0,1,2,139,3,Matches
154,Álex Grimaldo,DF,es Spain,28,1995,1.3,113,3,17,48,48,2,113,3,1,33.3,2,66.7,72,349,178,4,3,0,2,1,82,13,Matches
155,Pascal Groß,MF,de Germany,32,1991,0.5,73,0,2,43,28,0,73,0,0,,0,,37,184,101,0,3,0,0,0,66,2,Matches
156,Kamil Grosicki,MF,pl Poland,35,1988,0.2,8,0,0,5,3,1,8,0,0,,0,,4,3,0,0,0,0,1,0,5,1,Matches
157,Nemanja Gudelj,MF,rs Serbia,32,1991,1.0,68,1,25,41,2,0,68,1,1,100.0,0,0.0,51,291,168,0,1,0,0,0,56,0,Matches
158,Marc Guéhi,DF,eng England,23,2000,6.3,489,28,191,280,21,6,489,1,0,0.0,1,100.0,302,1384,729,3,5,0,2,0,374,1,Matches
159,Péter Gulácsi,GK,hu Hungary,33,1990,3.0,107,99,105,2,0,0,107,0,0,,0,,72,302,83,0,0,0,0,0,52,0,Matches
160,Arda Güler,"FW,MF",tr Türkiye,18,2005,3.8,239,1,27,120,95,12,239,15,7,46.7,7,46.7,145,906,340,9,9,5,12,2,173,18,Matches
161,İlkay Gündoğan,MF,de Germany,33,1990,4.3,193,2,15,88,91,11,193,5,1,20.0,3,60.0,125,591,277,4,12,1,5,3,163,26,Matches
162,Angus Gunn,GK,sct Scotland,28,1996,3.0,128,100,127,1,0,0,128,0,0,,0,,74,350,140,0,0,0,0,0,52,0,Matches
163,Mert Günok,GK,tr Türkiye,34,1989,4.0,142,121,140,2,0,0,142,0,0,,0,,69,387,250,0,0,0,0,0,54,0,Matches
164,Joško Gvardiol,DF,hr Croatia,22,2002,3.0,187,7,42,111,36,2,187,6,4,66.7,0,0.0,111,661,343,3,5,0,5,7,132,8,Matches
165,Giorgi Gwelesiani,DF,ge Georgia,32,1991,1.8,59,24,54,5,0,0,59,0,0,,0,,22,93,59,1,0,0,1,0,32,0,Matches
166,Norbert Gyömbér,DF,sk Slovakia,31,1992,0.4,39,2,8,29,2,0,39,0,0,,0,,31,282,205,4,1,0,0,0,32,0,Matches
167,Ianis Hagi,MF,ro Romania,25,1998,2.1,85,3,16,34,36,3,85,3,1,33.3,1,33.3,49,305,126,4,2,2,1,3,60,5,Matches
168,Dávid Hancko,DF,sk Slovakia,26,1997,4.1,231,16,73,94,64,8,231,4,1,25.0,2,50.0,113,435,267,6,5,0,3,4,126,14,Matches
169,Grant Hanley,DF,sct Scotland,32,1991,2.5,156,14,66,85,7,5,156,1,0,0.0,1,100.0,95,365,125,0,0,0,0,0,102,0,Matches
170,Lukáš Haraslín,FW,sk Slovakia,27,1996,2.9,101,1,12,32,59,12,101,9,5,55.6,2,22.2,61,396,266,13,5,7,4,3,64,20,Matches
171,Kai Havertz,"FW,MF",de Germany,24,1999,4.3,174,7,19,45,112,38,172,10,4,40.0,6,60.0,92,530,286,12,6,7,9,6,130,38,Matches
172,Jack Hendry,DF,sct Scotland,28,1995,2.9,146,21,72,69,7,1,146,0,0,,0,,91,409,166,1,2,0,0,0,92,2,Matches
173,Benjamin Henrichs,DF,de Germany,26,1997,0.1,6,0,1,3,2,0,6,0,0,,0,,4,31,26,1,0,0,0,0,4,1,Matches
174,Theo Hernández,DF,fr France,26,1997,6.3,455,16,95,201,165,13,455,14,5,35.7,7,50.0,324,1472,803,22,18,4,10,1,337,63,Matches
175,Morten Hjulmand,MF,dk Denmark,24,1999,2.7,238,5,29,145,64,3,238,3,1,33.3,2,66.7,159,529,226,1,3,0,2,3,199,7,Matches
176,Adam Hložek,MF,cz Czechia,21,2002,1.2,32,2,5,9,18,3,32,4,0,0.0,4,100.0,22,93,34,1,1,0,2,2,23,3,Matches
177,Tomáš Holeš,DF,cz Czechia,30,1993,3.0,154,20,65,73,16,0,154,1,0,0.0,0,0.0,81,372,200,1,3,0,0,0,83,0,Matches
178,Arbër Hoxha,"FW,MF",al Albania,25,1998,0.6,29,0,4,8,18,4,29,4,0,0.0,1,25.0,24,267,177,7,4,2,2,3,21,3,Matches
179,Robin Hranáč,DF,cz Czechia,24,2000,3.0,110,15,53,48,9,4,110,0,0,,0,,61,362,189,1,1,0,1,1,58,1,Matches
180,Elseid Hysaj,DF,al Albania,29,1994,2.0,70,6,30,31,9,2,70,0,0,,0,,30,97,43,0,0,0,2,0,35,2,Matches
181,Pierre Højbjerg,MF,dk Denmark,28,1995,3.9,339,7,48,219,74,4,339,5,1,20.0,2,40.0,250,1084,492,7,7,2,4,4,262,13,Matches
182,Rasmus Højlund,FW,dk Denmark,20,2003,3.2,86,0,3,33,51,16,86,6,1,16.7,5,83.3,53,307,87,6,4,5,8,6,64,28,Matches
183,Ivan Ilić,MF,rs Serbia,22,2001,2.2,175,6,39,112,25,0,175,2,0,0.0,1,50.0,121,661,288,3,3,0,2,1,123,6,Matches
184,Josip Iličić,"FW,MF",si Slovenia,36,1988,0.3,15,1,7,3,5,0,15,0,0,,0,,7,46,17,0,0,0,1,1,9,0,Matches
185,Gonçalo Inácio,DF,pt Portugal,22,2001,1.3,163,0,26,103,35,1,163,4,4,100.0,0,0.0,103,531,391,9,8,0,0,0,130,2,Matches
186,Luka Ivanušec,MF,hr Croatia,25,1998,0.2,13,1,1,5,7,0,13,0,0,,0,,3,9,0,0,0,0,0,1,7,0,Matches
187,Erik Janža,DF,si Slovenia,30,1993,3.0,136,9,49,56,31,1,136,0,0,,0,,64,353,206,3,3,0,1,0,74,5,Matches
188,Jorginho,MF,it Italy,32,1991,2.4,256,5,41,167,48,0,256,1,0,0.0,1,100.0,214,746,379,1,3,0,1,2,216,4,Matches
189,Joselu,FW,es Spain,33,1990,1.0,26,1,6,11,10,3,26,1,1,100.0,0,0.0,10,51,31,1,0,1,2,0,17,1,Matches
190,Diogo Jota,"FW,MF",pt Portugal,27,1996,1.1,49,1,4,19,28,6,49,5,1,20.0,3,60.0,35,239,134,6,4,2,3,2,39,13,Matches
191,Luka Jović,"MF,FW",rs Serbia,26,1997,1.1,24,0,3,9,12,2,24,1,1,100.0,0,0.0,20,111,41,1,1,0,2,0,23,3,Matches
192,Josip Juranović,DF,hr Croatia,28,1995,1.0,73,2,16,24,33,1,73,1,0,0.0,1,100.0,23,132,96,1,2,1,1,0,47,10,Matches
193,David Jurásek,DF,cz Czechia,23,2000,1.8,95,2,13,36,47,1,95,5,0,0.0,5,100.0,53,183,46,0,1,0,3,0,54,16,Matches
194,Matěj Jurásek,"DF,MF",cz Czechia,20,2003,0.5,39,1,2,9,28,3,39,7,4,57.1,2,28.6,28,210,106,6,1,2,2,0,29,13,Matches
195,Ferdi Kadioglu,"DF,MF",tr Türkiye,24,1999,5.0,331,11,92,157,86,4,331,12,6,50.0,3,25.0,177,1333,836,22,13,2,4,5,216,21,Matches
196,İrfan Kahveci,FW,tr Türkiye,28,1995,0.1,1,0,0,1,0,0,1,0,0,,0,,0,0,0,0,0,0,0,0,0,0,Matches
197,Otar Kakabadze,"DF,MF",ge Georgia,28,1995,4.0,211,12,83,91,40,1,211,6,3,50.0,3,50.0,106,445,167,3,5,0,6,5,119,9,Matches
198,Harry Kane,FW,eng England,30,1993,6.7,152,3,10,67,76,25,151,4,1,25.0,3,75.0,97,504,193,3,8,2,11,9,121,18,Matches
199,N'Golo Kanté,MF,fr France,32,1991,5.7,373,9,69,197,115,9,373,7,4,57.1,3,42.9,278,1329,634,16,12,2,5,6,290,19,Matches
200,Žan Karničnik,DF,si Slovenia,29,1994,4.3,228,14,98,98,35,3,228,4,3,75.0,0,0.0,113,746,455,8,1,1,5,3,128,10,Matches
201,Guram Kashia,DF,ge Georgia,36,1987,4.0,171,54,123,47,2,0,171,0,0,,0,,69,286,115,0,0,0,2,0,82,0,Matches
202,Milos Kerkez,DF,hu Hungary,20,2003,2.6,95,7,31,34,30,1,95,0,0,,0,,66,411,192,9,3,1,2,1,58,9,Matches
203,Semih Kılıçsoy,FW,tr Türkiye,18,2005,0.0,2,0,0,1,1,1,2,0,0,,0,,2,13,1,0,0,0,0,0,2,1,Matches
204,Joshua Kimmich,DF,de Germany,28,1995,5.3,447,15,89,183,177,9,447,2,0,0.0,2,100.0,264,1543,859,14,15,1,1,1,337,52,Matches
205,Otar Kiteishvili,MF,ge Georgia,27,1996,1.4,69,8,40,29,1,0,69,0,0,,0,,23,72,17,1,0,0,2,0,33,0,Matches
206,Jakub Kiwior,DF,pl Poland,23,2000,3.0,183,12,87,74,22,4,183,2,2,100.0,0,0.0,69,353,156,2,1,0,0,5,104,5,Matches
207,László Kleinheisler,MF,hu Hungary,29,1994,0.6,21,0,3,15,3,1,21,1,0,0.0,1,100.0,16,86,25,0,0,0,1,0,13,1,Matches
208,Giorgi Kochorashvili,MF,ge Georgia,24,1999,4.0,214,14,74,123,20,4,214,9,6,66.7,2,22.2,132,713,347,4,6,2,2,7,155,4,Matches
209,Orkun Kökçü,MF,tr Türkiye,23,2000,2.5,145,3,24,82,41,5,145,3,1,33.3,2,66.7,62,414,214,7,3,1,2,4,106,10,Matches
210,Randal Kolo Muani,FW,fr France,25,1998,2.2,59,5,14,17,28,10,59,4,1,25.0,3,75.0,40,209,106,4,2,2,3,6,45,13,Matches
211,Yukhym Konoplia,DF,ua Ukraine,24,1999,0.8,48,0,11,22,15,0,48,0,0,,0,,30,102,53,3,4,0,1,1,34,10,Matches
212,Ezri Konsa,DF,eng England,26,1997,1.0,62,12,31,29,2,0,62,0,0,,0,,38,148,47,0,0,0,0,0,48,0,Matches
213,Filip Kostić,DF,rs Serbia,31,1992,0.5,19,1,6,8,5,0,19,0,0,,0,,8,20,10,0,0,0,1,0,10,3,Matches
214,Jules Koundé,DF,fr France,25,1998,6.3,457,22,111,191,160,12,457,6,4,66.7,1,16.7,251,1037,612,14,12,2,4,6,271,41,Matches
215,Mateo Kovačić,MF,hr Croatia,29,1994,2.5,192,1,21,112,61,4,192,10,6,60.0,1,10.0,133,984,533,12,13,2,3,5,160,4,Matches
216,Matej Kovar,GK,cz Czechia,23,2000,0.4,18,9,16,2,0,0,18,0,0,,0,,14,97,43,0,0,0,0,0,10,0,Matches
217,Andrej Kramarić,FW,hr Croatia,32,1991,2.7,111,3,6,36,69,13,111,9,5,55.6,2,22.2,67,477,222,5,7,2,4,2,89,32,Matches
218,Ladislav Krejčí,DF,cz Czechia,24,1999,3.0,169,22,65,82,23,8,169,2,1,50.0,0,0.0,101,590,412,6,2,0,1,0,105,0,Matches
219,Toni Kroos,MF,de Germany,34,1990,5.2,577,13,110,358,112,2,577,1,0,0.0,1,100.0,354,1567,814,2,9,0,3,1,454,7,Matches
220,Jan Kuchta,FW,cz Czechia,27,1997,1.1,22,2,7,6,10,1,22,0,0,,0,,11,47,30,0,1,0,3,0,13,2,Matches
221,Juraj Kucka,MF,sk Slovakia,36,1987,3.9,158,7,33,69,57,7,158,4,0,0.0,3,75.0,89,356,140,3,4,1,4,4,111,10,Matches
222,Jasmin Kurtić,FW,si Slovenia,35,1989,0.0,0,0,0,0,0,0,0,0,0,,0,,0,0,0,0,0,0,0,0,0,0,Matches
223,Khvicha Kvaratskhelia,FW,ge Georgia,22,2001,3.8,130,2,19,50,68,11,130,30,11,36.7,15,50.0,78,743,400,16,17,5,5,6,89,19,Matches
224,Nika Kvekveskiri,MF,ge Georgia,31,1992,0.1,16,0,9,7,0,0,16,0,0,,0,,10,54,12,0,0,0,0,1,16,1,Matches
225,Giorgi Kvilitaia,FW,ge Georgia,30,1993,0.0,4,0,2,2,0,0,4,1,0,0.0,1,100.0,3,9,1,0,0,0,0,0,3,0,Matches
226,Saba Kvirkvelia,DF,ge Georgia,31,1992,2.0,86,19,43,41,2,0,86,0,0,,0,,36,109,46,0,0,0,0,0,44,1,Matches
227,Qazim Laçi,"MF,FW",al Albania,28,1996,1.8,72,6,25,27,20,5,72,1,1,100.0,0,0.0,39,146,59,2,2,0,2,3,45,9,Matches
228,Konrad Laimer,"MF,FW",at Austria,26,1997,3.0,152,3,21,72,59,8,152,4,2,50.0,2,50.0,109,555,305,7,9,2,4,1,108,10,Matches
229,Ádám Lang,DF,hu Hungary,31,1993,0.5,25,3,14,9,2,0,25,0,0,,0,,10,32,8,0,0,0,1,0,9,0,Matches
230,Aymeric Laporte,DF,es Spain,29,1994,5.8,534,50,172,305,58,6,534,1,1,100.0,0,0.0,388,2253,1561,14,13,0,3,0,416,1,Matches
231,Robin Le Normand,DF,es Spain,27,1996,4.9,378,28,153,206,19,5,378,0,0,,0,,277,1294,690,3,5,0,2,0,300,1,Matches
232,Rafael Leão,FW,pt Portugal,24,1999,3.2,141,0,6,55,82,17,141,26,7,26.9,13,50.0,109,1098,588,28,11,11,4,2,122,32,Matches
233,Robert Lewandowski,FW,pl Poland,35,1988,1.3,44,4,9,22,13,3,43,6,3,50.0,2,33.3,26,109,39,0,0,0,3,0,30,5,Matches
234,Philipp Lienhart,DF,at Austria,27,1996,2.4,146,14,54,87,8,3,146,1,1,100.0,0,0.0,104,649,294,2,1,0,3,1,102,0,Matches
235,Ondřej Lingr,"MF,FW",cz Czechia,25,1998,0.9,40,1,2,9,29,5,40,1,1,100.0,0,0.0,22,93,34,1,1,1,3,1,25,6,Matches
236,Dominik Livaković,GK,hr Croatia,29,1995,3.0,101,88,101,0,0,0,101,0,0,,0,,52,234,156,0,0,0,1,0,49,0,Matches
237,Stanislav Lobotka,MF,sk Slovakia,29,1994,4.3,272,10,60,182,31,0,272,5,2,40.0,1,20.0,184,971,438,8,10,0,1,3,206,1,Matches
238,Saba Lobzhanidze,FW,ge Georgia,29,1994,0.1,5,3,3,0,2,2,5,0,0,,0,,2,14,10,1,0,1,0,0,2,2,Matches
239,Luka Lochoshvili,"DF,MF",ge Georgia,25,1998,1.9,78,8,41,27,12,2,78,2,0,0.0,0,0.0,33,154,82,1,2,0,1,1,33,2,Matches
240,Fermin López,MF,es Spain,20,2003,0.3,19,0,3,6,10,3,19,2,0,0.0,2,100.0,9,39,7,0,0,0,1,1,11,1,Matches
241,Romelu Lukaku,FW,be Belgium,30,1993,4.0,84,3,6,23,57,23,84,5,1,20.0,3,60.0,51,257,150,6,3,4,3,4,64,19,Matches
242,Dodi Lukebakio,"FW,DF",be Belgium,26,1997,0.7,48,0,3,11,34,8,48,7,2,28.6,5,71.4,29,131,48,3,1,3,4,2,34,13,Matches
243,Saša Lukić,MF,rs Serbia,27,1996,2.3,178,10,29,122,28,2,178,2,0,0.0,2,100.0,128,857,443,5,4,0,0,2,128,7,Matches
244,Andriy Lunin,GK,ua Ukraine,24,1999,1.0,25,21,25,0,0,0,25,0,0,,0,,19,83,56,0,0,0,0,0,14,0,Matches
245,Mike Maignan,GK,fr France,28,1995,6.3,184,151,180,4,0,0,184,0,0,,0,,128,644,380,0,0,0,1,0,101,0,Matches
246,Kobbie Mainoo,MF,eng England,18,2005,4.1,239,4,32,124,85,9,239,4,1,25.0,3,75.0,148,818,309,6,6,1,5,2,190,13,Matches
247,Lovro Majer,"FW,MF",hr Croatia,26,1998,1.6,119,1,14,53,53,8,119,1,1,100.0,0,0.0,81,491,196,4,6,0,5,1,95,10,Matches
248,Donyell Malen,FW,nl Netherlands,25,1999,2.1,78,1,7,30,43,14,78,13,9,69.2,3,23.1,59,476,293,12,5,6,5,2,65,24,Matches
249,Ruslan Malinovskyi,MF,ua Ukraine,30,1993,0.4,38,3,7,21,11,0,38,0,0,,0,,20,143,108,1,2,0,1,0,19,0,Matches
250,Giorgi Mamardashvili,GK,ge Georgia,23,2000,4.0,143,131,143,0,0,0,143,0,0,,0,,53,318,211,0,0,0,0,0,25,0,Matches
251,Dennis Man,MF,ro Romania,25,1998,3.0,107,0,7,31,71,11,107,9,4,44.4,5,55.6,68,591,225,5,3,2,6,3,73,19,Matches
252,Rey Manaj,FW,al Albania,26,1997,1.7,48,1,7,25,16,4,48,0,0,,0,,27,69,13,0,1,0,7,4,37,4,Matches
253,Gianluca Mancini,DF,it Italy,27,1996,1.0,73,11,24,45,4,0,73,0,0,,0,,60,361,239,2,3,0,1,0,57,0,Matches
254,Orel Mangala,MF,be Belgium,25,1998,1.5,80,1,20,48,14,0,80,0,0,,0,,55,207,94,0,2,0,0,0,63,2,Matches
255,Marius Marin,MF,ro Romania,25,1998,3.4,132,10,54,65,13,0,132,2,0,0.0,1,50.0,55,344,184,0,2,0,2,1,71,2,Matches
256,Răzvan Marin,MF,ro Romania,27,1996,3.9,144,8,40,69,36,4,143,6,2,33.3,4,66.7,73,336,147,3,2,1,3,3,96,5,Matches
257,Ádám Martin,"FW,DF",hu Hungary,29,1994,0.5,21,2,3,10,8,1,21,0,0,,0,,13,46,19,0,0,0,0,1,15,2,Matches
258,Mykola Matviyenko,DF,ua Ukraine,27,1996,3.0,254,28,140,107,9,1,254,0,0,,0,,191,1047,774,7,1,0,1,1,201,1,Matches
259,Kylian Mbappé,FW,fr France,25,1998,5.2,238,1,11,59,169,39,237,34,17,50.0,15,44.1,194,1272,640,28,14,20,6,6,208,55,Matches
260,John McGinn,"MF,FW",sct Scotland,29,1994,2.6,57,0,5,32,22,1,57,7,4,57.1,1,14.3,41,233,99,2,3,1,5,5,49,9,Matches
261,Callum McGregor,MF,sct Scotland,30,1993,2.7,139,3,22,100,19,2,139,0,0,,0,,93,339,95,0,0,0,3,3,98,3,Matches
262,Scott McKenna,DF,sct Scotland,27,1996,1.5,108,13,46,52,11,4,108,0,0,,0,,66,291,106,0,3,0,2,1,63,3,Matches
263,Kenny McLean,MF,sct Scotland,32,1992,0.5,32,1,4,18,10,0,32,0,0,,0,,18,84,35,0,0,0,1,1,19,1,Matches
264,Scott McTominay,MF,sct Scotland,27,1996,3.0,101,9,22,44,36,7,101,7,2,28.6,2,28.6,55,299,105,2,5,0,7,4,62,4,Matches
265,Anzor Mekvabishvili,MF,ge Georgia,22,2001,2.1,115,6,31,68,17,3,115,0,0,,0,,66,309,97,2,1,1,3,0,81,4,Matches
266,Memphis,"FW,MF",nl Netherlands,29,1994,5.1,218,0,6,86,128,29,218,17,6,35.3,9,52.9,126,498,198,6,3,5,11,8,153,30,Matches
267,Nuno Mendes,DF,pt Portugal,21,2002,4.7,429,12,89,253,90,9,429,21,7,33.3,14,66.7,277,1332,803,11,8,3,5,8,316,25,Matches
268,Mikel Merino,"MF,FW",es Spain,27,1996,2.0,156,5,29,84,44,5,156,2,1,50.0,1,50.0,82,326,112,2,3,1,4,3,117,13,Matches
269,Valentin Mihaila,MF,ro Romania,23,2000,1.3,53,6,18,23,13,2,53,5,1,20.0,4,80.0,24,152,54,0,1,0,5,2,31,5,Matches
270,Srđan Mijailović,DF,rs Serbia,30,1993,0.8,34,3,13,13,8,0,34,0,0,,0,,16,62,27,1,1,0,0,1,17,2,Matches
271,Georges Mikautadze,FW,ge Georgia,23,2000,3.8,111,0,11,64,41,9,109,19,7,36.8,11,57.9,76,551,180,4,10,2,13,3,81,16,Matches
272,Nikola Milenković,DF,rs Serbia,26,1997,3.0,250,29,137,108,6,1,250,0,0,,0,,186,839,378,2,3,0,0,0,183,0,Matches
273,Sergej Milinković-Savić,MF,rs Serbia,28,1995,1.3,94,3,10,56,28,6,94,2,1,50.0,1,50.0,68,378,189,3,2,0,3,2,73,7,Matches
274,Mario Mitaj,DF,al Albania,20,2003,3.0,173,20,79,73,22,0,173,3,3,100.0,0,0.0,85,306,87,0,1,1,0,3,99,4,Matches
275,Aleksandar Mitrović,FW,rs Serbia,29,1994,2.7,89,2,8,45,36,14,89,4,2,50.0,2,50.0,53,194,42,0,2,0,8,5,63,10,Matches
276,Maximilian Mittelstädt,DF,de Germany,26,1997,3.4,251,8,44,111,96,10,251,3,0,0.0,2,66.7,150,648,337,8,7,0,3,0,177,39,Matches
277,Filip Mladenović,DF,rs Serbia,32,1991,1.2,68,0,8,27,33,1,68,2,1,50.0,0,0.0,46,218,91,2,2,0,0,1,42,9,Matches
278,Jan Mlakar,MF,si Slovenia,25,1998,3.3,90,12,28,35,27,3,90,4,1,25.0,3,75.0,43,254,129,4,3,2,4,2,51,5,Matches
279,Jakub Moder,MF,pl Poland,24,1999,2.0,140,9,38,83,23,3,140,3,2,66.7,0,0.0,74,433,227,2,4,0,1,1,97,4,Matches
280,Luka Modrić,MF,hr Croatia,38,1985,2.6,241,0,22,134,86,5,240,4,3,75.0,0,0.0,155,883,494,11,7,1,4,4,182,8,Matches
281,Vasile Mogos,DF,ro Romania,31,1992,0.4,8,0,1,4,3,0,8,0,0,,0,,2,6,5,0,0,0,1,0,3,1,Matches
282,Álvaro Morata,FW,es Spain,31,1992,5.0,155,3,12,70,73,15,155,4,1,25.0,3,75.0,82,356,123,4,2,1,6,9,124,28,Matches
283,Lewis Morgan,DF,sct Scotland,27,1996,0.0,4,0,1,2,1,1,4,0,0,,0,,2,11,5,1,0,1,0,0,2,1,Matches
284,Ernest Muçi,FW,al Albania,22,2001,0.2,9,0,2,4,3,0,9,0,0,,0,,5,37,7,0,0,0,0,0,6,1,Matches
285,Mykhailo Mudryk,"FW,MF",ua Ukraine,23,2001,1.9,66,2,11,13,44,10,66,8,5,62.5,3,37.5,39,425,289,11,7,2,1,0,42,16,Matches
286,Mert Müldür,"DF,MF",tr Türkiye,24,1999,3.8,216,13,55,103,60,2,216,5,2,40.0,2,40.0,96,619,435,11,6,0,6,1,127,13,Matches
287,Thomas Müller,"MF,FW",de Germany,34,1989,0.6,36,0,5,10,21,6,36,1,0,0.0,1,100.0,16,62,39,2,1,0,0,0,25,8,Matches
288,Jamal Musiala,FW,de Germany,20,2003,4.7,246,2,18,103,128,26,246,35,13,37.1,16,45.7,173,1253,677,28,16,13,10,10,193,34,Matches
289,Phillipp Mwene,DF,at Austria,30,1994,2.2,138,5,32,53,55,0,138,2,1,50.0,1,50.0,83,309,146,6,6,0,4,0,79,18,Matches
290,Vitaliy Mykolenko,DF,ua Ukraine,24,1999,0.6,23,1,4,6,13,0,23,0,0,,0,,16,50,21,1,1,0,1,0,16,6,Matches
291,Joakim Mæhle,"DF,MF",dk Denmark,26,1997,3.1,184,3,44,83,63,4,184,9,4,44.4,4,44.4,117,641,350,12,6,2,2,2,127,21,Matches
292,Nacho,DF,es Spain,34,1990,2.9,160,26,67,89,5,0,160,2,1,50.0,0,0.0,84,487,337,1,2,0,1,0,108,1,Matches
293,Ádám Nagy,MF,hu Hungary,28,1995,1.8,91,8,31,51,9,0,91,0,0,,0,,62,250,114,0,4,0,1,1,55,0,Matches
294,Zsolt Nagy,DF,hu Hungary,30,1993,0.2,12,2,6,4,3,0,12,1,1,100.0,0,0.0,5,54,44,0,0,0,0,0,6,2,Matches
295,Jesús Navas,DF,es Spain,38,1985,1.7,91,9,27,36,28,2,91,1,0,0.0,1,100.0,51,286,129,6,2,1,2,1,57,11,Matches
296,Dan Ndoye,"MF,DF",ch Switzerland,23,2000,4.5,161,4,27,49,91,21,161,22,12,54.5,6,27.3,115,857,510,20,8,11,10,3,121,31,Matches
297,Pedro Neto,"DF,FW",pt Portugal,23,2000,1.3,103,1,10,40,56,4,103,12,6,50.0,5,41.7,68,535,340,16,7,1,2,1,79,19,Matches
298,Manuel Neuer,GK,de Germany,37,1986,5.3,154,117,149,5,0,0,154,0,0,,0,,84,411,245,0,0,0,0,0,86,0,Matches
299,João Neves,MF,pt Portugal,19,2004,0.9,84,1,7,52,25,1,84,2,1,50.0,1,50.0,54,235,140,1,1,0,0,1,61,3,Matches
300,Rúben Neves,MF,pt Portugal,26,1997,1.4,128,1,12,83,33,1,128,1,1,100.0,0,0.0,83,383,238,3,3,0,1,2,101,6,Matches
301,Florin Niță,GK,ro Romania,36,1987,4.0,157,134,156,1,0,0,157,0,0,,0,,75,570,350,0,0,0,0,0,41,0,Matches
302,Matheus Nunes,MF,pt Portugal,25,1998,0.2,21,0,1,9,11,3,21,0,0,,0,,14,68,37,2,1,1,1,0,16,1,Matches
303,Christian Nørgaard,MF,dk Denmark,29,1994,0.4,45,2,9,27,9,1,45,0,0,,0,,31,82,39,0,0,0,0,0,36,0,Matches
304,Adam Obert,DF,sk Slovakia,21,2002,0.3,29,2,8,10,11,0,29,2,2,100.0,0,0.0,19,126,75,1,2,0,1,0,19,3,Matches
305,Jan Oblak,GK,si Slovenia,31,1993,4.3,135,120,134,1,0,0,135,0,0,,0,,62,382,167,0,0,0,0,0,42,0,Matches
306,Darius Olaru,MF,ro Romania,25,1998,0.3,17,0,1,7,9,1,17,0,0,,0,,4,9,4,0,0,0,0,1,11,1,Matches
307,Dani Olmo,"MF,FW",es Spain,25,1998,4.8,238,5,27,99,119,21,238,20,14,70.0,5,25.0,160,961,547,21,15,6,12,5,193,32,Matches
308,Amadou Onana,MF,be Belgium,22,2001,4.0,268,7,67,157,45,3,268,3,3,100.0,0,0.0,161,742,371,4,5,0,1,0,195,1,Matches
309,Loïs Openda,FW,be Belgium,23,2000,0.8,13,0,2,4,7,1,13,0,0,,0,,8,10,3,0,0,0,1,0,9,1,Matches
310,Willi Orban,DF,hu Hungary,31,1992,3.0,173,36,108,54,11,6,173,1,0,0.0,1,100.0,110,468,162,0,0,0,3,0,99,2,Matches
311,Mikel Oyarzabal,FW,es Spain,26,1997,2.2,90,1,10,29,51,8,90,3,1,33.3,2,66.7,50,202,88,4,2,3,6,2,64,22,Matches
312,Salih Özcan,MF,tr Türkiye,26,1998,1.7,93,4,18,69,6,1,93,0,0,,0,,31,156,92,1,1,0,1,0,55,2,Matches
313,João Palhinha,MF,pt Portugal,28,1995,3.3,240,7,63,137,42,4,240,2,1,50.0,1,50.0,128,508,167,0,4,0,2,2,165,2,Matches
314,Cole Palmer,"MF,FW",eng England,21,2002,1.7,102,2,6,33,64,6,102,10,1,10.0,8,80.0,60,407,202,6,3,2,2,1,76,17,Matches
315,Mario Pašalić,"FW,MF",hr Croatia,28,1995,1.3,51,3,8,23,20,7,51,2,0,0.0,2,100.0,31,191,103,2,2,0,2,0,36,7,Matches
316,Strahinja Pavlović,DF,rs Serbia,22,2001,3.0,214,11,92,100,24,2,214,4,4,100.0,0,0.0,153,817,413,8,7,0,3,0,146,4,Matches
317,Pedri,MF,es Spain,21,2002,2.1,120,0,6,47,68,13,120,5,1,20.0,4,80.0,74,371,173,6,5,3,7,6,98,16,Matches
318,Peter Pekarík,DF,sk Slovakia,37,1986,4.2,156,13,44,69,44,2,156,4,1,25.0,2,50.0,76,355,187,7,5,1,5,1,80,9,Matches
319,Lorenzo Pellegrini,"FW,MF",it Italy,27,1996,2.4,125,2,16,59,52,7,125,2,1,50.0,1,50.0,93,577,298,10,4,2,2,1,89,14,Matches
320,Patrick Pentz,GK,at Austria,27,1997,4.0,157,103,152,5,0,0,157,0,0,,0,,103,411,271,0,0,0,0,0,95,0,Matches
321,Pepe,DF,pt Portugal,40,1983,4.5,455,45,192,259,8,4,455,3,2,66.7,1,33.3,309,1395,837,2,2,0,4,2,345,0,Matches
322,Danilo Pereira,DF,pt Portugal,32,1991,1.0,93,2,19,70,6,2,93,0,0,,0,,71,390,190,1,2,0,0,0,75,0,Matches
323,Ayoze Pérez,FW,es Spain,30,1993,0.1,9,0,2,5,3,3,9,3,2,66.7,1,33.3,4,80,58,2,0,1,0,0,5,3,Matches
324,Ivan Perišić,"DF,FW",hr Croatia,34,1989,1.5,77,5,8,17,52,7,77,3,1,33.3,2,66.7,46,290,185,8,3,2,1,0,55,17,Matches
325,Bruno Petković,FW,hr Croatia,29,1994,1.0,32,1,1,11,20,8,31,2,1,50.0,1,50.0,18,47,26,2,2,1,2,1,29,2,Matches
326,Krzysztof Piątek,FW,pl Poland,28,1995,0.7,17,0,0,11,6,1,17,0,0,,0,,10,30,6,0,1,0,1,0,13,2,Matches
327,Jordan Pickford,GK,eng England,29,1994,7.7,317,222,304,13,0,0,317,0,0,,0,,206,1196,786,0,1,1,0,0,194,0,Matches
328,Jakub Piotrowski,MF,pl Poland,26,1997,0.6,28,2,6,16,7,3,28,1,1,100.0,0,0.0,17,134,65,2,1,1,0,3,22,2,Matches
329,Marin Pongračić,DF,hr Croatia,26,1997,2.0,149,27,73,76,2,0,149,3,1,33.3,1,33.3,88,583,272,0,0,0,1,0,100,0,Matches
330,Ryan Porteous,DF,sct Scotland,24,1999,0.5,28,2,19,8,1,1,28,0,0,,0,,15,44,12,0,0,0,0,0,18,0,Matches
331,Stefan Posch,DF,at Austria,26,1997,4.0,275,14,73,94,110,4,275,6,1,16.7,3,50.0,154,689,283,6,9,0,4,6,154,28,Matches
332,Yussuf Poulsen,"FW,MF",dk Denmark,29,1994,0.6,24,0,3,10,12,2,24,1,0,0.0,1,100.0,12,67,28,1,0,0,0,1,18,5,Matches
333,Alexander Prass,DF,at Austria,22,2001,1.8,114,6,30,51,34,2,114,3,1,33.3,2,66.7,62,293,182,6,0,1,2,3,62,6,Matches
334,Lukáš Provod,MF,cz Czechia,27,1996,2.6,112,4,21,58,36,0,112,6,2,33.3,2,33.3,57,382,187,5,4,0,4,2,55,4,Matches
335,George Pușcaș,FW,ro Romania,27,1996,0.4,16,1,1,7,8,0,16,0,0,,0,,3,31,1,0,0,0,1,1,10,1,Matches
336,Leopold Querfeld,DF,at Austria,20,2003,0.3,15,3,10,5,0,0,15,0,0,,0,,3,11,5,0,0,0,0,0,4,0,Matches
337,Adrien Rabiot,MF,fr France,28,1995,4.1,275,2,31,170,75,8,275,8,5,62.5,2,25.0,206,989,449,10,9,1,7,7,212,19,Matches
338,Bogdan Racovitan,DF,ro Romania,23,2000,0.6,33,7,20,12,1,1,33,0,0,,0,,20,137,100,1,0,0,0,1,23,0,Matches
339,Predrag Rajković,GK,rs Serbia,28,1995,3.0,109,93,109,0,0,0,109,1,1,100.0,0,0.0,77,478,231,0,0,0,0,0,60,0,Matches
340,Anthony Ralston,DF,sct Scotland,25,1998,2.9,120,8,37,52,32,2,120,3,2,66.7,1,33.3,65,314,100,2,4,0,3,2,75,4,Matches
341,Ylber Ramadani,MF,al Albania,27,1996,2.9,140,11,49,87,7,1,140,4,1,25.0,2,50.0,81,352,161,2,0,1,4,1,84,0,Matches
342,Gonçalo Ramos,FW,pt Portugal,22,2001,0.3,6,1,2,1,3,3,6,0,0,,0,,3,6,1,0,0,0,0,0,2,0,Matches
343,Giacomo Raspadori,FW,it Italy,23,2000,0.9,52,0,4,24,26,2,52,1,1,100.0,0,0.0,40,152,68,1,1,0,0,2,41,5,Matches
344,Andrei Ratiu,DF,ro Romania,25,1998,4.0,168,17,66,59,44,4,168,7,1,14.3,5,71.4,67,599,222,3,4,1,7,2,67,7,Matches
345,David Raum,DF,de Germany,25,1998,1.8,107,2,26,46,35,6,107,3,3,100.0,0,0.0,47,292,212,8,2,1,0,0,66,8,Matches
346,David Raya,GK,es Spain,28,1995,1.0,43,31,42,1,0,0,43,0,0,,0,,32,191,100,0,0,0,0,0,23,0,Matches
347,Tijjani Reijnders,MF,nl Netherlands,25,1998,5.5,316,10,42,187,88,9,316,10,3,30.0,7,70.0,219,1539,802,19,8,3,3,5,258,13,Matches
348,Mateo Retegui,FW,it Italy,24,1999,1.7,32,0,3,12,19,7,32,1,0,0.0,1,100.0,20,68,7,0,1,0,3,0,26,6,Matches
349,Declan Rice,MF,eng England,25,1999,7.7,604,22,125,359,122,11,604,8,6,75.0,2,25.0,360,1817,712,5,9,0,7,6,452,14,Matches
350,Fabian Rieder,MF,ch Switzerland,21,2002,2.4,110,2,13,42,56,8,110,7,2,28.6,3,42.9,57,323,166,7,5,4,4,2,74,22,Matches
351,Andrew Robertson,DF,sct Scotland,29,1994,3.0,149,10,38,71,41,2,149,5,2,40.0,2,40.0,66,406,247,5,4,0,3,1,76,7,Matches
352,Rodri,MF,es Spain,27,1996,5.8,487,15,89,302,101,4,487,6,2,33.3,4,66.7,305,1579,824,16,7,1,5,2,369,10,Matches
353,Ricardo Rodríguez,DF,ch Switzerland,31,1992,5.3,301,28,87,146,68,0,301,2,0,0.0,2,100.0,187,987,553,13,11,0,4,4,209,13,Matches
354,Taras Romanchuk,MF,pl Poland,32,1991,0.6,18,0,7,10,1,0,18,0,0,,0,,3,11,2,0,0,0,0,0,10,0,Matches
355,Cristiano Ronaldo,FW,pt Portugal,38,1985,5.4,146,2,6,49,92,24,145,7,3,42.9,4,57.1,82,350,132,3,5,1,6,5,112,33,Matches
356,Antonio Rüdiger,DF,de Germany,30,1993,5.3,459,36,153,261,46,3,459,2,0,0.0,1,50.0,283,1205,745,3,8,0,1,1,345,0,Matches
357,Fabián Ruiz Peña,MF,es Spain,27,1996,6.0,492,10,62,281,152,12,492,17,12,70.6,5,29.4,327,1722,892,18,13,2,3,8,400,16,Matches
358,Adrian Rus,MF,ro Romania,27,1996,0.2,6,0,1,5,0,0,6,0,0,,0,,2,5,2,0,0,0,0,0,2,0,Matches
359,Marcel Sabitzer,"FW,MF",at Austria,29,1994,4.0,202,2,11,71,122,15,202,6,3,50.0,1,16.7,132,628,322,8,5,4,5,3,134,37,Matches
360,Bukayo Saka,"FW,DF",eng England,22,2001,7.0,332,10,48,112,175,29,332,28,14,50.0,11,39.3,215,1341,737,31,12,11,10,7,255,85,Matches
361,Bartosz Salamon,DF,pl Poland,32,1991,0.9,47,23,39,7,1,0,47,0,0,,0,,11,66,39,0,1,0,1,0,16,1,Matches
362,William Saliba,DF,fr France,22,2001,6.3,414,60,210,194,11,7,414,2,2,100.0,0,0.0,297,1401,707,4,1,1,2,0,305,0,Matches
363,Roland Sallai,MF,hu Hungary,26,1997,3.0,102,1,13,55,37,8,102,6,3,50.0,2,33.3,86,670,332,12,8,5,5,5,80,23,Matches
364,Lazar Samardzic,MF,rs Serbia,21,2002,0.6,25,0,2,12,11,0,25,3,1,33.3,2,66.7,14,74,16,0,0,0,0,1,16,2,Matches
365,Leroy Sané,FW,de Germany,28,1996,2.3,99,0,14,22,67,10,99,15,5,33.3,8,53.3,63,439,240,5,6,1,2,4,80,23,Matches
366,Leo Sauer,FW,sk Slovakia,18,2005,0.1,5,0,0,0,5,0,5,1,0,0.0,1,100.0,4,19,12,0,0,0,0,1,4,3,Matches
367,Gianluca Scamacca,FW,it Italy,25,1999,2.8,66,1,5,31,30,7,66,0,0,,0,,43,211,92,1,1,0,3,1,46,11,Matches
368,András Schäfer,MF,hu Hungary,24,1999,3.0,163,17,54,76,35,5,163,8,4,50.0,4,50.0,111,660,240,5,9,3,2,4,109,4,Matches
369,Fabian Schär,DF,ch Switzerland,32,1991,5.3,322,49,140,156,29,6,322,3,1,33.3,2,66.7,201,966,436,4,6,3,4,3,223,7,Matches
370,Patrik Schick,FW,cz Czechia,28,1996,1.4,53,5,10,15,28,7,53,3,0,0.0,3,100.0,29,153,62,2,2,1,2,2,35,6,Matches
371,Nico Schlotterbeck,DF,de Germany,24,1999,1.3,102,13,40,56,7,2,102,0,0,,0,,42,211,141,1,2,0,1,1,64,1,Matches
372,Kasper Schmeichel,GK,dk Denmark,37,1986,4.0,120,103,120,0,0,0,120,0,0,,0,,72,341,219,0,0,0,0,0,58,0,Matches
373,Romano Schmid,"FW,MF",at Austria,24,2000,1.6,90,1,13,34,43,4,90,4,2,50.0,1,25.0,55,240,103,3,3,1,2,6,53,11,Matches
374,Jerdy Schouten,MF,nl Netherlands,27,1997,5.6,356,15,65,226,66,6,356,6,6,100.0,0,0.0,244,830,349,7,4,2,3,1,269,11,Matches
375,Ivan Schranz,FW,sk Slovakia,30,1993,3.7,114,9,22,43,49,9,114,1,0,0.0,1,100.0,67,333,168,5,3,1,3,1,79,16,Matches
376,Taulant Seferi,FW,al Albania,27,1996,1.0,31,2,11,16,6,1,31,0,0,,0,,22,104,55,2,1,0,0,2,19,3,Matches
377,Nicolas Seiwald,MF,at Austria,22,2001,4.0,281,14,59,168,54,1,281,2,1,50.0,1,50.0,181,623,297,3,5,0,6,2,190,5,Matches
378,Nélson Semedo,DF,pt Portugal,30,1993,1.1,67,1,8,20,40,1,67,3,1,33.3,2,66.7,41,291,184,6,7,0,4,0,49,17,Matches
379,Benjamin Šeško,FW,si Slovenia,20,2003,4.0,113,5,14,61,40,5,113,14,4,28.6,9,64.3,48,320,134,3,5,1,5,4,74,21,Matches
380,Petr Ševčík,MF,cz Czechia,29,1994,0.2,29,0,3,17,11,2,29,0,0,,0,,22,139,108,3,2,0,1,0,24,1,Matches
381,Stephan El Shaarawy,FW,it Italy,31,1992,0.5,16,2,6,3,7,2,16,1,0,0.0,0,0.0,11,108,67,1,2,0,2,0,11,0,Matches
382,Lawrence Shankland,FW,sct Scotland,28,1995,0.3,18,1,2,5,11,1,18,1,0,0.0,1,100.0,9,46,11,1,1,0,1,0,9,1,Matches
383,Mykola Shaparenko,MF,ua Ukraine,25,1998,2.4,147,3,33,87,27,3,147,2,1,50.0,1,50.0,110,470,248,8,3,1,3,2,118,5,Matches
384,Xherdan Shaqiri,"MF,FW",ch Switzerland,32,1991,0.8,40,0,3,16,22,0,40,2,1,50.0,1,50.0,26,100,58,1,2,0,0,0,26,4,Matches
385,Luke Shaw,DF,eng England,28,1995,2.0,102,9,23,56,23,2,102,2,1,50.0,1,50.0,52,285,101,2,4,3,1,1,63,10,Matches
386,Vincent Sierro,MF,ch Switzerland,28,1995,0.4,32,4,8,15,9,0,32,1,0,0.0,1,100.0,14,95,36,0,0,0,1,0,21,0,Matches
387,António Silva,DF,pt Portugal,20,2003,0.8,71,2,11,47,14,2,71,0,0,,0,,50,234,155,1,5,0,0,0,54,1,Matches
388,Bernardo Silva,"FW,MF",pt Portugal,29,1994,4.7,296,4,25,127,144,20,296,5,3,60.0,2,40.0,207,1134,567,15,11,4,3,5,239,47,Matches
389,Unai Simón,GK,es Spain,26,1997,6.3,258,203,254,4,0,0,258,0,0,,0,,189,832,438,0,0,0,0,0,154,0,Matches
390,Xavi Simons,"MF,FW",nl Netherlands,20,2003,5.0,236,1,19,106,118,14,236,15,4,26.7,10,66.7,159,1012,576,20,16,2,5,8,186,33,Matches
391,Michał Skóraś,DF,pl Poland,23,2000,0.3,11,1,4,5,2,0,11,0,0,,0,,6,25,18,1,0,0,0,1,6,0,Matches
392,Łukasz Skorupski,GK,pl Poland,32,1991,1.0,40,38,40,0,0,0,40,0,0,,0,,11,65,53,0,0,0,0,0,8,0,Matches
393,Andreas Skov Olsen,"MF,FW",dk Denmark,24,1999,1.4,55,1,9,20,26,5,55,2,1,50.0,1,50.0,32,213,129,4,4,2,4,0,38,11,Matches
394,Milan Škriniar,DF,sk Slovakia,28,1995,4.3,317,35,142,161,14,4,317,3,1,33.3,1,33.3,205,1093,707,4,2,0,1,0,226,0,Matches
395,Bartosz Slisz,MF,pl Poland,24,1999,1.2,50,3,14,28,9,2,50,0,0,,0,,19,116,71,1,4,0,0,0,34,2,Matches
396,Yann Sommer,GK,ch Switzerland,35,1988,5.3,172,153,169,3,0,0,172,0,0,,0,,127,585,386,0,0,0,0,0,112,0,Matches
397,Deian Sorescu,"MF,DF",ro Romania,26,1997,0.4,22,0,7,6,9,1,22,0,0,,0,,7,20,9,0,1,0,2,0,9,1,Matches
398,Borna Sosa,DF,hr Croatia,26,1998,0.1,3,1,1,1,1,0,3,0,0,,0,,1,10,6,0,0,0,0,0,2,1,Matches
399,Tomáš Souček,MF,cz Czechia,28,1995,3.0,121,12,35,53,33,10,121,1,0,0.0,0,0.0,57,202,61,0,0,0,1,2,72,4,Matches
400,Andraž Šporar,FW,si Slovenia,29,1994,3.8,96,5,7,48,41,9,96,2,1,50.0,1,50.0,40,173,75,3,4,1,6,0,70,19,Matches
401,Nicolae Stanciu,"MF,FW",ro Romania,30,1993,3.9,138,8,19,74,46,1,138,4,1,25.0,2,50.0,69,294,102,2,0,0,4,4,90,3,Matches
402,Jindřich Staněk,GK,cz Czechia,27,1996,2.6,85,73,85,0,0,0,85,0,0,,0,,41,211,127,0,0,0,1,0,30,0,Matches
403,Josip Stanišić,DF,hr Croatia,23,2000,2.0,156,4,36,80,42,2,156,2,2,100.0,0,0.0,82,416,174,3,1,0,3,2,110,9,Matches
404,Renato Steffen,DF,ch Switzerland,32,1991,0.0,2,0,0,0,2,0,2,0,0,,0,,2,22,17,1,1,0,0,0,2,0,Matches
405,Taras Stepanenko,MF,ua Ukraine,34,1989,0.9,86,3,28,46,12,2,86,0,0,,0,,49,150,40,0,1,0,1,0,61,3,Matches
406,Leonidas Stergiou,DF,ch Switzerland,21,2002,0.5,25,5,14,9,2,0,25,0,0,,0,,6,11,1,0,0,0,3,0,7,1,Matches
407,Petar Stojanović,MF,si Slovenia,28,1995,3.5,147,3,33,68,51,7,147,13,4,30.8,9,69.2,80,650,225,7,6,2,5,5,87,9,Matches
408,John Stones,DF,eng England,29,1994,7.7,597,60,229,361,12,1,597,2,1,50.0,0,0.0,428,2217,1154,0,4,0,3,0,489,1,Matches
409,Thomas Strakosha,GK,al Albania,28,1995,3.0,99,89,99,0,0,0,99,0,0,,0,,54,319,240,0,0,0,0,0,38,0,Matches
410,Dávid Strelec,FW,sk Slovakia,22,2001,2.0,61,1,4,32,26,9,61,5,2,40.0,2,40.0,32,102,20,0,0,0,4,2,39,6,Matches
411,Callum Styles,MF,hu Hungary,23,2000,0.7,31,0,10,20,2,0,31,0,0,,0,,21,98,20,0,1,0,1,0,20,0,Matches
412,Luka Sučić,"FW,MF",hr Croatia,21,2002,1.6,97,0,7,50,40,5,97,4,3,75.0,1,25.0,67,490,257,6,4,0,1,0,78,5,Matches
413,Heorhiy Sudakov,MF,ua Ukraine,21,2002,2.9,146,4,33,69,46,2,146,5,3,60.0,2,40.0,103,606,281,6,8,2,6,2,115,11,Matches
414,Pavel Šulc,MF,cz Czechia,23,2000,0.9,24,2,9,7,8,1,24,0,0,,0,,10,68,36,3,2,1,2,0,8,2,Matches
415,Tomáš Suslov,"FW,MF",sk Slovakia,21,2002,1.4,75,2,11,26,39,1,75,9,3,33.3,5,55.6,47,262,158,6,1,2,2,3,48,10,Matches
416,Josip Šutalo,DF,hr Croatia,23,2000,3.0,235,34,102,128,6,1,235,3,3,100.0,0,0.0,129,559,319,1,0,0,2,2,174,0,Matches
417,Oleksandr Svatok,DF,ua Ukraine,29,1994,0.9,32,10,23,9,0,0,32,0,0,,0,,15,41,7,0,0,0,0,0,17,0,Matches
418,Karol Świderski,FW,pl Poland,27,1997,1.0,25,0,6,8,11,1,25,2,0,0.0,2,100.0,10,48,6,0,0,0,2,1,18,6,Matches
419,Serhiy Sydorchuk,MF,ua Ukraine,32,1991,0.1,3,0,1,2,1,0,3,0,0,,0,,1,12,11,0,0,0,1,0,3,0,Matches
420,Attila Szalai,DF,hu Hungary,26,1998,1.1,74,5,27,41,6,1,74,1,0,0.0,0,0.0,48,179,98,0,3,0,1,0,46,2,Matches
421,Wojciech Szczęsny,GK,pl Poland,33,1990,2.0,74,64,73,1,0,0,74,0,0,,0,,37,262,190,0,0,0,0,0,38,0,Matches
422,Dominik Szoboszlai,MF,hu Hungary,23,2000,3.0,181,7,30,91,63,6,181,12,3,25.0,9,75.0,106,489,220,6,3,3,4,1,100,10,Matches
423,Sebastian Szymański,MF,pl Poland,24,1999,1.2,56,0,14,26,17,2,56,2,0,0.0,2,100.0,24,153,74,3,2,0,2,2,33,3,Matches
424,Dušan Tadić,MF,rs Serbia,35,1988,1.7,97,2,9,36,52,2,97,2,1,50.0,0,0.0,68,349,141,4,5,1,1,3,74,17,Matches
425,Jonathan Tah,DF,de Germany,27,1996,3.5,308,21,89,201,19,2,308,0,0,,0,,197,848,534,0,4,0,1,0,248,1,Matches
426,Maksym Talovierov,MF,ua Ukraine,23,2000,0.0,2,0,0,2,0,0,2,0,0,,0,,2,3,2,0,0,0,0,0,2,0,Matches
427,Aurélien Tchouaméni,MF,fr France,24,2000,5.2,423,12,69,293,63,5,423,0,0,,0,,335,1709,786,9,7,0,2,2,351,5,Matches
428,Arthur Theate,DF,be Belgium,23,2000,2.8,220,10,70,123,31,0,220,0,0,,0,,143,566,327,5,4,0,1,2,147,4,Matches
429,Marcus Thuram,FW,fr France,26,1997,2.9,91,4,10,36,49,17,91,8,4,50.0,1,12.5,59,346,178,7,5,4,8,7,72,18,Matches
430,Youri Tielemans,MF,be Belgium,26,1997,1.6,127,3,17,71,39,1,127,0,0,,0,,74,284,180,3,2,0,1,0,96,1,Matches
431,Kieran Tierney,DF,sct Scotland,26,1997,1.5,101,7,54,37,11,0,101,0,0,,0,,66,310,162,2,1,0,1,0,68,0,Matches
432,Ivan Toney,"FW,MF",eng England,27,1996,0.5,19,1,2,7,10,1,19,0,0,,0,,6,22,13,0,2,0,1,0,12,1,Matches
433,Ferrán Torres,"FW,MF",es Spain,23,2000,1.7,68,0,7,16,45,11,68,5,0,0.0,5,100.0,36,207,114,4,2,3,4,1,47,15,Matches
434,Cenk Tosun,FW,tr Türkiye,32,1991,0.3,7,0,0,3,4,3,7,0,0,,0,,5,25,14,1,0,1,0,0,8,1,Matches
435,Gernot Trauner,DF,at Austria,31,1992,1.0,85,6,38,45,2,1,85,0,0,,0,,58,298,187,0,1,0,0,0,60,0,Matches
436,Kieran Trippier,DF,eng England,33,1990,5.0,382,13,61,189,132,5,382,2,0,0.0,1,50.0,201,606,269,2,6,0,0,2,263,27,Matches
437,Leandro Trossard,FW,be Belgium,29,1994,1.9,90,0,13,36,44,8,90,3,0,0.0,1,33.3,63,297,141,5,5,3,4,3,72,8,Matches
438,Anatolii Trubin,GK,ua Ukraine,22,2001,2.0,76,67,76,0,0,0,76,0,0,,0,,47,215,150,0,0,0,0,0,40,0,Matches
439,Heorhii Tsitaishvili,"DF,MF",ge Georgia,23,2000,2.1,91,5,27,36,29,4,91,6,2,33.3,3,50.0,58,365,164,5,4,1,3,0,62,15,Matches
440,Viktor Tsyhankov,FW,ua Ukraine,26,1997,0.7,42,0,1,15,26,4,42,1,0,0.0,1,100.0,29,166,45,2,0,3,2,0,32,6,Matches
441,Ľubomír Tupta,MF,sk Slovakia,25,1998,0.1,5,0,0,1,4,0,5,0,0,,0,,4,29,0,0,0,0,0,0,4,1,Matches
442,Oleksandr Tymchyk,DF,ua Ukraine,27,1997,2.2,109,5,35,48,27,2,109,0,0,,0,,46,240,136,5,4,0,4,1,43,11,Matches
443,Deniz Undav,MF,de Germany,27,1996,0.1,3,0,0,2,1,0,3,0,0,,0,,2,4,0,0,0,0,0,0,2,0,Matches
444,Dayot Upamecano,DF,fr France,25,1998,6.3,421,32,176,226,22,9,421,1,0,0.0,1,100.0,311,1657,1019,3,3,0,4,1,306,2,Matches
445,Kacper Urbanski,"FW,MF",pl Poland,19,2004,1.6,67,3,16,35,19,2,67,5,3,60.0,2,40.0,39,300,141,4,3,0,4,3,50,4,Matches
446,Virgil van Dijk,DF,nl Netherlands,32,1991,6.0,452,79,242,199,12,6,452,0,0,,0,,270,1003,460,0,2,0,1,0,309,0,Matches
447,Vladyslav Vanat,FW,ua Ukraine,22,2002,0.2,4,0,0,1,3,0,4,0,0,,0,,3,11,0,0,0,0,2,0,4,2,Matches
448,Barnabás Varga,FW,hu Hungary,30,1994,2.8,84,8,14,46,25,9,84,1,0,0.0,1,100.0,43,182,38,1,3,0,5,2,53,11,Matches
449,Ruben Vargas,"MF,FW",ch Switzerland,25,1998,3.4,161,3,18,47,96,14,161,6,1,16.7,3,50.0,101,554,260,13,2,8,7,6,108,21,Matches
450,Denis Vavro,DF,sk Slovakia,27,1996,4.3,300,32,133,152,18,4,300,1,0,0.0,0,0.0,197,1075,656,1,6,0,2,0,212,2,Matches
451,Joey Veerman,MF,nl Netherlands,25,1998,2.3,187,2,31,107,49,2,187,3,1,33.3,1,33.3,116,403,125,1,2,0,5,1,138,1,Matches
452,Miloš Veljković,DF,rs Serbia,28,1995,3.0,240,10,83,150,8,0,240,0,0,,0,,193,882,510,5,1,0,2,0,193,3,Matches
453,Micky van de Ven,DF,nl Netherlands,22,2001,0.8,53,2,17,23,13,1,53,2,1,50.0,1,50.0,26,114,66,1,0,0,1,0,29,2,Matches
454,Benjamin Verbič,MF,si Slovenia,30,1993,0.8,25,1,6,9,11,3,25,4,2,50.0,2,50.0,12,83,60,2,2,0,1,0,15,3,Matches
455,Bart Verbruggen,GK,nl Netherlands,21,2002,6.0,225,179,222,3,0,0,225,0,0,,0,,150,641,374,0,0,0,0,0,137,0,Matches
456,Jan Vertonghen,DF,be Belgium,36,1987,3.0,233,52,143,89,1,1,233,0,0,,0,,180,592,181,0,0,0,3,1,192,1,Matches
457,Jannik Vestergaard,DF,dk Denmark,31,1992,4.0,297,37,120,171,7,6,297,0,0,,0,,205,877,535,1,0,0,1,0,218,2,Matches
458,Žan Vipotnik,FW,si Slovenia,21,2002,0.2,5,1,2,0,3,0,5,0,0,,0,,3,37,0,0,1,0,1,1,5,0,Matches
459,Vitinha,MF,pt Portugal,23,2000,4.0,349,4,43,213,97,7,349,4,3,75.0,1,25.0,261,1262,648,7,12,1,4,1,280,9,Matches
460,Daniel Vivian,DF,es Spain,24,1999,1.4,125,10,47,74,5,1,125,1,0,0.0,1,100.0,89,537,383,0,1,0,0,0,91,1,Matches
461,Dušan Vlahović,"MF,FW",rs Serbia,24,2000,2.0,46,0,5,15,26,7,46,2,2,100.0,0,0.0,30,144,40,1,1,1,4,7,29,8,Matches
462,Stefan de Vrij,DF,nl Netherlands,31,1992,6.0,465,28,195,251,19,5,465,1,0,0.0,1,100.0,309,1469,926,2,4,0,4,0,348,2,Matches
463,Kyle Walker,DF,eng England,33,1990,7.7,594,14,137,354,107,6,594,8,4,50.0,3,37.5,350,1725,793,14,5,2,5,1,437,24,Matches
464,Ollie Watkins,FW,eng England,28,1995,0.7,13,0,0,3,10,3,13,1,0,0.0,1,100.0,4,19,0,0,0,0,4,0,8,2,Matches
465,Wout Weghorst,FW,nl Netherlands,31,1992,1.5,51,3,5,30,17,7,51,4,0,0.0,4,100.0,23,82,10,0,0,0,2,2,41,8,Matches
466,Andreas Weimann,FW,at Austria,32,1991,0.0,1,0,1,0,0,0,1,0,0,,0,,0,0,0,0,0,0,0,0,0,0,Matches
467,Silvan Widmer,DF,ch Switzerland,30,1993,3.3,159,10,46,66,47,8,159,2,0,0.0,2,100.0,62,241,88,2,0,1,3,2,79,15,Matches
468,Georginio Wijnaldum,MF,nl Netherlands,33,1990,0.8,17,0,5,7,5,0,17,0,0,,0,,9,38,7,0,0,0,0,1,11,1,Matches
469,Nico Williams,FW,es Spain,21,2002,5.5,280,0,16,65,206,26,280,34,12,35.3,21,61.8,187,1267,769,31,13,9,8,11,210,67,Matches
470,Patrick Wimmer,"FW,MF",at Austria,22,2001,1.5,66,3,5,34,30,2,66,6,2,33.3,4,66.7,44,228,121,5,3,0,1,4,41,10,Matches
471,Jonas Wind,FW,dk Denmark,24,1999,2.1,92,0,1,48,43,14,92,3,0,0.0,2,66.7,69,182,84,0,1,0,3,3,81,21,Matches
472,Florian Wirtz,"FW,MF",de Germany,20,2003,3.1,221,1,18,95,113,12,221,12,9,75.0,3,25.0,142,996,483,17,13,4,5,4,176,34,Matches
473,Maximilian Wöber,DF,at Austria,25,1998,1.9,139,9,53,72,14,2,139,0,0,,0,,102,588,357,2,4,0,3,0,96,2,Matches
474,Granit Xhaka,MF,ch Switzerland,31,1992,5.3,445,27,116,251,79,5,445,4,2,50.0,1,25.0,295,1203,671,8,11,1,3,2,335,7,Matches
475,Lamine Yamal,FW,es Spain,16,2007,5.6,285,2,18,73,198,33,285,33,12,36.4,18,54.5,194,1360,711,31,13,14,10,7,213,44,Matches
476,Roman Yaremchuk,FW,ua Ukraine,28,1995,1.3,43,1,3,19,21,7,43,2,2,100.0,0,0.0,33,208,89,3,2,0,5,1,38,11,Matches
477,Andriy Yarmolenko,"FW,MF",ua Ukraine,34,1989,1.2,58,0,7,22,29,4,58,1,0,0.0,0,0.0,35,190,129,4,3,0,0,0,40,11,Matches
478,Yusuf Yazıcı,"MF,FW",tr Türkiye,27,1997,0.6,26,0,4,12,10,2,26,1,1,100.0,0,0.0,16,60,35,0,1,0,3,0,20,2,Matches
479,Kenan Yıldız,"FW,MF",tr Türkiye,18,2005,3.8,151,1,15,54,85,13,151,14,6,42.9,7,50.0,91,580,309,12,7,5,8,1,124,23,Matches
480,Okay Yokuşlu,"MF,DF",tr Türkiye,29,1994,0.6,41,4,13,26,3,0,41,0,0,,0,,19,134,59,0,1,0,1,0,21,0,Matches
481,İsmail Yüksek,MF,tr Türkiye,25,1999,1.7,120,8,30,74,18,0,120,0,0,,0,,63,278,123,2,3,0,1,0,78,2,Matches
482,Illia Zabarnyi,DF,ua Ukraine,21,2002,3.0,221,21,116,104,3,0,221,1,1,100.0,0,0.0,159,1005,719,0,2,0,5,1,167,0,Matches
483,Mattia Zaccagni,"MF,FW",it Italy,28,1995,0.9,49,1,6,12,31,3,49,6,3,50.0,2,33.3,33,201,88,2,2,0,0,1,32,14,Matches
484,Denis Zakaria,MF,ch Switzerland,27,1996,0.3,10,0,2,5,3,1,10,0,0,,0,,4,12,10,0,0,0,0,0,7,0,Matches
485,Nicola Zalewski,DF,pl Poland,22,2002,2.7,128,7,34,55,44,3,128,12,6,50.0,4,33.3,67,627,367,11,4,2,2,1,80,9,Matches
486,Piotr Zieliński,MF,pl Poland,29,1994,2.8,171,2,39,78,56,2,171,7,3,42.9,3,42.9,104,862,500,16,11,1,1,2,125,11,Matches
487,Oleksandr Zinchenko,DF,ua Ukraine,27,1996,2.4,179,8,58,89,35,0,179,1,1,100.0,0,0.0,111,463,260,3,5,0,1,1,117,6,Matches
488,Joshua Zirkzee,"FW,DF",nl Netherlands,22,2001,0.1,4,0,1,2,2,0,4,0,0,,0,,2,14,2,0,1,0,1,0,2,2,Matches
489,Andrija Živković,DF,rs Serbia,27,1996,2.7,160,4,38,66,57,2,160,5,2,40.0,3,60.0,110,595,283,8,5,1,2,1,109,16,Matches
490,Budu Zivzivadze,"FW,MF",ge Georgia,29,1994,0.2,5,0,0,3,2,2,5,0,0,,0,,5,10,6,0,0,0,1,0,5,1,Matches
491,Steven Zuber,MF,ch Switzerland,32,1991,0.9,41,0,8,13,20,2,41,1,1,100.0,0,0.0,30,96,35,0,0,0,2,2,35,7,Matches
492,Martín Zubimendi,MF,es Spain,24,1999,1.6,127,2,27,75,27,0,127,1,1,100.0,0,0.0,77,498,268,5,6,0,0,0,101,3,Matches
493,Oleksandr Zubkov,FW,ua Ukraine,27,1996,0.3,12,1,2,4,6,2,12,0,0,,0,,5,12,2,0,0,0,0,0,6,1,Matches