Rk,Player,Pos,Squad,Age,Born,MP,Starts,Min,90s,Gls,Ast,G+A,G-PK,PK,PKatt,CrdY,CrdR,xG,npxG,xAG,npxG+xAG,PrgC,PrgP,PrgR,Gls,Ast,G+A,G-PK,G+A-PK,xG,xAG,xG+xAG,npxG,npxG+xAG,Matches
1,Che Adams,FW,sct Scotland,27,1996,3,3,209,2.3,0,0,0,0,0,0,0,0,0.1,0.1,0.1,0.2,3,2,10,0.00,0.00,0.00,0.00,0.00,0.05,0.03,0.09,0.05,0.09,Matches
2,Michel Aebischer,DF,ch Switzerland,27,1997,5,5,476,5.3,1,2,3,1,0,0,0,0,0.1,0.1,1.2,1.3,4,28,18,0.19,0.38,0.57,0.19,0.57,0.02,0.22,0.24,0.02,0.24,Matches
3,Arlind Ajeti,DF,al Albania,30,1993,3,3,270,3.0,0,0,0,0,0,0,0,0,0.0,0.0,0.0,0.0,1,5,0,0.00,0.00,0.00,0.00,0.00,0.00,0.00,0.00,0.00,0.00,Matches
4,Manuel Akanji,DF,ch Switzerland,28,1995,5,5,480,5.3,0,0,0,0,0,0,0,0,0.0,0.0,0.0,0.0,2,25,1,0.00,0.00,0.00,0.00,0.00,0.00,0.00,0.00,0.00,0.00,Matches
5,Samet Akaydın,DF,tr Türkiye,29,1994,4,4,335,3.7,1,0,1,1,0,0,2,0,0.4,0.4,0.0,0.4,1,15,0,0.27,0.00,0.27,0.27,0.27,0.09,0.00,0.09,0.09,0.09,Matches
6,Nathan Aké,DF,nl Netherlands,28,1995,6,6,470,5.2,0,1,1,0,0,0,1,0,0.1,0.1,0.4,0.6,7,21,11,0.00,0.19,0.19,0.00,0.19,0.02,0.08,0.11,0.02,0.11,Matches
7,Yunus Akgün,FW,tr Türkiye,23,2000,1,1,69,0.8,0,0,0,0,0,0,0,0,0.0,0.0,0.1,0.1,3,3,5,0.00,0.00,0.00,0.00,0.00,0.00,0.11,0.11,0.00,0.11,Matches
8,Kerem Aktürkoğlu,"FW,MF",tr Türkiye,25,1998,5,1,105,1.2,1,0,1,1,0,0,0,0,1.4,1.4,0.1,1.5,7,3,11,0.86,0.00,0.86,0.86,0.86,1.22,0.11,1.33,1.22,1.33,Matches
9,Trent Alexander-Arnold,"MF,DF",eng England,25,1998,4,2,134,1.5,0,0,0,0,0,0,0,0,0.1,0.1,0.1,0.2,5,12,5,0.00,0.00,0.00,0.00,0.00,0.07,0.08,0.16,0.07,0.16,Matches
10,Denis Alibec,FW,ro Romania,33,1991,2,0,29,0.3,0,0,0,0,0,0,0,0,0.3,0.3,0.0,0.3,0,0,2,0.00,0.00,0.00,0.00,0.00,1.05,0.00,1.05,1.05,1.05,Matches
11,Barış Alper Yılmaz,FW,tr Türkiye,23,2000,5,5,450,5.0,0,0,0,0,0,0,0,0,0.4,0.4,0.8,1.2,14,15,36,0.00,0.00,0.00,0.00,0.00,0.08,0.16,0.24,0.08,0.24,Matches
12,Sandro Altunashvili,MF,ge Georgia,26,1997,2,0,52,0.6,0,0,0,0,0,0,0,0,0.0,0.0,0.0,0.0,1,1,0,0.00,0.00,0.00,0.00,0.00,0.00,0.00,0.00,0.00,0.00,Matches
13,Zeki Amdouni,"MF,FW",ch Switzerland,23,2000,4,0,57,0.6,0,0,0,0,0,0,0,0,0.2,0.2,0.0,0.2,3,1,6,0.00,0.00,0.00,0.00,0.00,0.33,0.00,0.33,0.33,0.33,Matches
14,Joachim Andersen,DF,dk Denmark,27,1996,4,4,360,4.0,0,0,0,0,0,0,1,0,0.2,0.2,0.2,0.4,7,24,1,0.00,0.00,0.00,0.00,0.00,0.04,0.06,0.10,0.04,0.10,Matches
15,Robert Andrich,MF,de Germany,29,1994,5,4,318,3.5,0,0,0,0,0,0,2,0,0.3,0.3,0.1,0.4,1,21,3,0.00,0.00,0.00,0.00,0.00,0.09,0.03,0.12,0.09,0.12,Matches
16,Waldemar Anton,DF,de Germany,27,1996,2,0,33,0.4,0,0,0,0,0,0,0,0,0.0,0.0,0.1,0.1,0,2,0,0.00,0.00,0.00,0.00,0.00,0.00,2.10,2.10,0.00,2.10,Matches
17,Stuart Armstrong,MF,sct Scotland,31,1992,1,0,15,0.2,0,0,0,0,0,0,0,0,0.0,0.0,0.0,0.0,1,1,1,0.00,0.00,0.00,0.00,0.00,0.00,0.00,0.00,0.00,0.00,Matches
18,Marko Arnautović,FW,at Austria,34,1989,4,3,279,3.1,1,0,1,0,1,1,1,0,1.7,0.9,0.0,0.9,1,3,16,0.32,0.00,0.32,0.00,0.00,0.53,0.00,0.53,0.28,0.28,Matches
19,Jasir Asani,FW,al Albania,28,1995,3,3,210,2.3,0,1,1,0,0,0,0,0,0.1,0.1,0.4,0.5,4,4,9,0.00,0.43,0.43,0.00,0.43,0.02,0.18,0.20,0.02,0.20,Matches
20,Kristjan Asllani,MF,al Albania,21,2002,3,3,270,3.0,0,0,0,0,0,0,0,0,0.6,0.6,0.6,1.1,3,10,3,0.00,0.00,0.00,0.00,0.00,0.18,0.19,0.38,0.18,0.38,Matches
21,Kaan Ayhan,"MF,DF",tr Türkiye,29,1994,5,4,358,4.0,0,1,1,0,0,0,1,0,0.3,0.3,0.3,0.6,1,16,4,0.00,0.25,0.25,0.00,0.25,0.08,0.07,0.15,0.08,0.15,Matches
22,Alex Baena,"MF,FW",es Spain,22,2001,2,0,27,0.3,0,0,0,0,0,0,0,0,0.0,0.0,0.1,0.1,1,2,4,0.00,0.00,0.00,0.00,0.00,0.00,0.26,0.26,0.00,0.26,Matches
23,Alexander Bah,"DF,MF",dk Denmark,26,1997,4,3,281,3.1,0,0,0,0,0,0,0,0,0.4,0.4,0.1,0.4,5,20,9,0.00,0.00,0.00,0.00,0.00,0.12,0.02,0.14,0.12,0.14,Matches
24,Nedim Bajrami,"FW,MF",al Albania,24,1999,3,3,245,2.7,1,0,1,1,0,0,1,0,0.1,0.1,0.0,0.1,7,5,14,0.37,0.00,0.37,0.37,0.37,0.05,0.00,0.05,0.05,0.05,Matches
25,Johan Bakayoko,"FW,DF",be Belgium,20,2003,2,0,48,0.5,0,0,0,0,0,0,0,0,0.6,0.6,0.1,0.7,0,1,1,0.00,0.00,0.00,0.00,0.00,1.22,0.19,1.41,1.22,1.41,Matches
26,Jure Balkovec,DF,si Slovenia,29,1994,2,1,121,1.3,0,0,0,0,0,0,1,0,0.0,0.0,0.0,0.0,0,5,0,0.00,0.00,0.00,0.00,0.00,0.00,0.03,0.03,0.00,0.03,Matches
27,Iván Balliu,DF,al Albania,32,1992,1,1,90,1.0,0,0,0,0,0,0,0,0,0.0,0.0,0.0,0.0,1,2,1,0.00,0.00,0.00,0.00,0.00,0.00,0.00,0.00,0.00,0.00,Matches
28,Nicușor Bancu,DF,ro Romania,31,1992,3,3,270,3.0,0,0,0,0,0,0,2,0,0.0,0.0,0.1,0.1,7,12,4,0.00,0.00,0.00,0.00,0.00,0.00,0.03,0.03,0.00,0.03,Matches
29,Antonín Barák,MF,cz Czechia,29,1994,3,1,41,0.5,0,0,0,0,0,0,2,1,0.0,0.0,0.0,0.0,1,2,4,0.00,0.00,0.00,0.00,0.00,0.00,0.04,0.04,0.00,0.04,Matches
30,Bradley Barcola,"FW,MF",fr France,21,2002,3,1,103,1.1,0,0,0,0,0,0,0,0,0.1,0.1,0.5,0.7,9,7,20,0.00,0.00,0.00,0.00,0.00,0.14,0.56,0.70,0.14,0.70,Matches
31,Abdülkerim Bardakcı,DF,tr Türkiye,29,1994,4,4,360,4.0,0,0,0,0,0,0,2,0,0.3,0.3,0.3,0.5,6,13,1,0.00,0.00,0.00,0.00,0.00,0.06,0.07,0.14,0.06,0.14,Matches
32,Nicolò Barella,MF,it Italy,26,1997,4,4,332,3.7,1,0,1,1,0,0,1,0,0.1,0.1,0.3,0.4,8,21,7,0.27,0.00,0.27,0.27,0.27,0.02,0.08,0.10,0.02,0.10,Matches
33,Alessandro Bastoni,DF,it Italy,24,1999,4,4,360,4.0,1,0,1,1,0,0,0,0,0.5,0.5,0.0,0.5,5,21,6,0.25,0.00,0.25,0.25,0.25,0.13,0.00,0.13,0.13,0.13,Matches
34,Martin Baturina,FW,hr Croatia,20,2003,1,0,7,0.1,0,0,0,0,0,0,0,0,0.1,0.1,0.0,0.1,1,0,0,0.00,0.00,0.00,0.00,0.00,0.95,0.00,0.95,0.95,0.95,Matches
35,Christoph Baumgartner,"MF,FW",at Austria,24,1999,4,3,289,3.2,1,1,2,1,0,0,1,0,1.8,1.8,0.6,2.4,17,9,17,0.31,0.31,0.62,0.31,0.62,0.56,0.18,0.74,0.56,0.74,Matches
36,Altay Bayındır,GK,tr Türkiye,25,1998,1,1,90,1.0,0,0,0,0,0,0,0,0,0.0,0.0,0.0,0.0,0,0,0,0.00,0.00,0.00,0.00,0.00,0.00,0.00,0.00,0.00,0.00,Matches
37,Jan Bednarek,DF,pl Poland,27,1996,3,3,270,3.0,0,0,0,0,0,0,0,0,0.2,0.2,0.0,0.2,0,2,0,0.00,0.00,0.00,0.00,0.00,0.05,0.00,0.05,0.05,0.05,Matches
38,Maximilian Beier,FW,de Germany,21,2002,1,0,26,0.3,0,0,0,0,0,0,0,0,0.0,0.0,0.0,0.0,0,0,3,0.00,0.00,0.00,0.00,0.00,0.00,0.00,0.00,0.00,0.00,Matches
39,Jude Bellingham,"MF,FW",eng England,20,2003,7,7,670,7.4,2,1,3,2,0,0,2,0,0.6,0.6,0.4,1.1,26,36,36,0.27,0.13,0.40,0.27,0.40,0.09,0.06,0.15,0.09,0.15,Matches
40,László Bénes,MF,sk Slovakia,26,1997,2,0,71,0.8,0,0,0,0,0,0,0,0,0.1,0.1,0.7,0.8,0,0,8,0.00,0.00,0.00,0.00,0.00,0.23,1.55,1.78,0.23,1.78,Matches
41,Bartosz Bereszyński,DF,pl Poland,31,1992,1,0,5,0.1,0,0,0,0,0,0,0,0,0.0,0.0,0.0,0.0,0,0,0,0.00,0.00,0.00,0.00,0.00,0.00,0.00,0.00,0.00,0.00,Matches
42,Steven Bergwijn,FW,nl Netherlands,26,1997,2,2,90,1.0,0,0,0,0,0,0,0,0,0.0,0.0,0.0,0.0,7,7,4,0.00,0.00,0.00,0.00,0.00,0.02,0.00,0.02,0.02,0.02,Matches
43,Medon Berisha,MF,al Albania,20,2003,1,0,21,0.2,0,0,0,0,0,0,1,0,0.0,0.0,0.0,0.0,0,1,1,0.00,0.00,0.00,0.00,0.00,0.14,0.00,0.14,0.14,0.14,Matches
44,Victor Bernth Kristiansen,"DF,MF",dk Denmark,21,2002,4,2,156,1.7,0,1,1,0,0,0,0,0,0.0,0.0,0.3,0.3,5,1,18,0.00,0.58,0.58,0.00,0.58,0.02,0.17,0.19,0.02,0.19,Matches
45,Matúš Bero,"MF,DF",sk Slovakia,28,1995,2,0,41,0.5,0,0,0,0,0,0,0,0,0.0,0.0,0.0,0.0,1,3,6,0.00,0.00,0.00,0.00,0.00,0.26,0.00,0.26,0.26,0.26,Matches
46,Jaka Bijol,DF,si Slovenia,24,1999,4,4,390,4.3,0,0,0,0,0,0,2,0,0.0,0.0,0.0,0.0,0,3,0,0.00,0.00,0.00,0.00,0.00,0.00,0.00,0.01,0.00,0.01,Matches
47,Veljko Birmančević,DF,rs Serbia,25,1998,2,0,26,0.3,0,0,0,0,0,0,0,0,0.0,0.0,0.0,0.0,3,3,7,0.00,0.00,0.00,0.00,0.00,0.06,0.00,0.06,0.06,0.06,Matches
48,Daley Blind,FW,nl Netherlands,33,1990,1,0,1,0.0,0,0,0,0,0,0,0,0,0.0,0.0,0.0,0.0,0,0,0,0.00,0.00,0.00,0.00,0.00,0.00,0.00,0.00,0.00,0.00,Matches
49,Bendegúz Bolla,DF,hu Hungary,24,1999,3,2,204,2.3,0,0,0,0,0,0,1,0,0.1,0.1,0.2,0.3,2,3,13,0.00,0.00,0.00,0.00,0.00,0.03,0.10,0.13,0.03,0.13,Matches
50,Endre Botka,DF,hu Hungary,29,1994,1,1,90,1.0,0,0,0,0,0,0,0,0,0.0,0.0,0.0,0.0,0,3,0,0.00,0.00,0.00,0.00,0.00,0.00,0.00,0.00,0.00,0.00,Matches
51,Jarrod Bowen,FW,eng England,27,1996,2,0,37,0.4,0,0,0,0,0,0,0,0,0.0,0.0,0.2,0.2,1,0,3,0.00,0.00,0.00,0.00,0.00,0.00,0.49,0.49,0.00,0.49,Matches
52,Róbert Boženík,FW,sk Slovakia,24,1999,4,2,208,2.3,0,0,0,0,0,0,0,0,0.1,0.1,0.0,0.1,1,1,10,0.00,0.00,0.00,0.00,0.00,0.06,0.02,0.07,0.06,0.07,Matches
53,Volodymyr Brazhko,MF,ua Ukraine,22,2002,3,2,182,2.0,0,0,0,0,0,0,0,0,0.0,0.0,0.0,0.1,0,3,1,0.00,0.00,0.00,0.00,0.00,0.02,0.02,0.04,0.02,0.04,Matches
54,David Brekalo,MF,si Slovenia,25,1998,2,0,2,0.0,0,0,0,0,0,0,0,0,0.0,0.0,0.0,0.0,0,0,0,0.00,0.00,0.00,0.00,0.00,0.00,0.00,0.00,0.00,0.00,Matches
55,Brian Brobbey,FW,nl Netherlands,21,2002,1,0,1,0.0,0,0,0,0,0,0,0,0,0.0,0.0,0.0,0.0,0,0,0,0.00,0.00,0.00,0.00,0.00,0.00,0.00,0.00,0.00,0.00,Matches
56,Armando Broja,FW,al Albania,22,2001,2,1,108,1.2,0,0,0,0,0,0,1,0,0.2,0.2,0.1,0.3,2,1,4,0.00,0.00,0.00,0.00,0.00,0.18,0.06,0.23,0.18,0.23,Matches
57,Marcelo Brozović,MF,hr Croatia,31,1992,3,3,225,2.5,0,0,0,0,0,0,1,0,0.1,0.1,0.1,0.2,2,13,6,0.00,0.00,0.00,0.00,0.00,0.06,0.03,0.09,0.06,0.09,Matches
58,Jacob Bruun Larsen,FW,dk Denmark,25,1998,1,0,10,0.1,0,0,0,0,0,0,0,0,0.0,0.0,0.0,0.0,1,1,4,0.00,0.00,0.00,0.00,0.00,0.00,0.00,0.00,0.00,0.00,Matches
59,Ante Budimir,FW,hr Croatia,32,1991,3,1,122,1.4,0,1,1,0,0,0,0,0,0.8,0.5,1.2,1.7,1,2,5,0.00,0.74,0.74,0.00,0.74,0.60,0.87,1.48,0.38,1.25,Matches
60,Adam Buksa,FW,pl Poland,27,1996,2,2,149,1.7,1,0,1,1,0,0,0,0,0.2,0.2,0.2,0.3,1,1,6,0.60,0.00,0.60,0.60,0.60,0.10,0.11,0.21,0.10,0.21,Matches
61,Andrei Burcă,DF,ro Romania,30,1993,4,4,360,4.0,0,0,0,0,0,0,1,0,0.1,0.1,0.0,0.1,2,6,1,0.00,0.00,0.00,0.00,0.00,0.02,0.00,0.02,0.02,0.02,Matches
62,Riccardo Calafiori,DF,it Italy,21,2002,3,3,270,3.0,0,1,1,0,0,0,2,0,0.3,0.3,0.2,0.5,7,11,1,0.00,0.33,0.33,0.00,0.33,0.10,0.08,0.17,0.10,0.17,Matches
63,Hakan Çalhanoğlu,MF,tr Türkiye,29,1994,4,4,355,3.9,1,0,1,1,0,0,2,0,0.4,0.4,0.2,0.6,5,18,12,0.25,0.00,0.25,0.25,0.25,0.09,0.05,0.14,0.09,0.14,Matches
64,Eduardo Camavinga,MF,fr France,21,2002,4,1,169,1.9,0,0,0,0,0,0,1,0,0.3,0.3,0.1,0.4,2,12,5,0.00,0.00,0.00,0.00,0.00,0.15,0.04,0.20,0.15,0.20,Matches
65,Andrea Cambiaso,"FW,DF",it Italy,23,2000,3,0,76,0.8,0,0,0,0,0,0,0,0,0.0,0.0,0.0,0.0,1,1,7,0.00,0.00,0.00,0.00,0.00,0.00,0.00,0.00,0.00,0.00,Matches
66,Emre Can,MF,de Germany,30,1994,4,1,102,1.1,1,0,1,1,0,0,0,0,0.0,0.0,0.0,0.1,1,4,1,0.88,0.00,0.88,0.88,0.88,0.03,0.03,0.06,0.03,0.06,Matches
67,João Cancelo,"DF,MF",pt Portugal,29,1994,4,4,345,3.8,0,0,0,0,0,0,1,0,0.1,0.1,0.4,0.4,14,36,26,0.00,0.00,0.00,0.00,0.00,0.02,0.09,0.11,0.02,0.11,Matches
68,Yannick Carrasco,"DF,FW",be Belgium,30,1993,4,2,218,2.4,0,0,0,0,0,0,0,0,0.3,0.3,0.0,0.3,5,10,12,0.00,0.00,0.00,0.00,0.00,0.14,0.00,0.14,0.14,0.14,Matches
69,Dani Carvajal,DF,es Spain,32,1992,5,5,469,5.2,1,0,1,1,0,0,3,1,0.5,0.5,0.5,1.0,11,23,15,0.19,0.00,0.19,0.19,0.19,0.10,0.09,0.19,0.10,0.19,Matches
70,Timothy Castagne,DF,be Belgium,28,1995,4,4,357,4.0,0,0,0,0,0,0,0,0,0.0,0.0,0.0,0.0,4,11,16,0.00,0.00,0.00,0.00,0.00,0.00,0.00,0.00,0.00,0.00,Matches
71,Koen Casteels,GK,be Belgium,31,1992,4,4,360,4.0,0,0,0,0,0,0,0,0,0.0,0.0,0.0,0.0,0,0,0,0.00,0.00,0.00,0.00,0.00,0.00,0.00,0.00,0.00,0.00,Matches
72,Žan Celar,"FW,MF",si Slovenia,24,1999,3,0,67,0.7,0,0,0,0,0,0,1,0,0.0,0.0,0.0,0.0,1,1,2,0.00,0.00,0.00,0.00,0.00,0.07,0.00,0.07,0.07,0.07,Matches
73,Zeki Çelik,"DF,MF",tr Türkiye,26,1997,3,1,105,1.2,0,0,0,0,0,0,1,0,0.2,0.2,0.5,0.7,1,3,11,0.00,0.00,0.00,0.00,0.00,0.17,0.46,0.63,0.17,0.63,Matches
74,Václav Černý,MF,cz Czechia,26,1997,1,1,54,0.6,0,0,0,0,0,0,0,0,0.5,0.5,0.1,0.6,1,1,2,0.00,0.00,0.00,0.00,0.00,0.81,0.17,0.99,0.81,0.99,Matches
75,Giorgi Chakvetadze,"MF,FW",ge Georgia,24,1999,4,3,244,2.7,0,0,0,0,0,0,0,0,0.1,0.1,0.3,0.4,8,11,7,0.00,0.00,0.00,0.00,0.00,0.02,0.11,0.14,0.02,0.14,Matches
76,Federico Chiesa,"FW,MF",it Italy,26,1997,4,3,263,2.9,0,0,0,0,0,0,0,0,0.2,0.2,0.3,0.4,14,5,32,0.00,0.00,0.00,0.00,0.00,0.06,0.09,0.15,0.06,0.15,Matches
77,Tomáš Chorý,MF,cz Czechia,29,1995,2,0,36,0.4,0,0,0,0,0,0,0,1,0.4,0.4,0.0,0.4,0,0,1,0.00,0.00,0.00,0.00,0.00,1.00,0.00,1.00,1.00,1.00,Matches
78,Andreas Christensen,DF,dk Denmark,27,1996,4,4,350,3.9,0,0,0,0,0,0,0,0,0.5,0.5,0.0,0.5,1,9,0,0.00,0.00,0.00,0.00,0.00,0.12,0.00,0.12,0.12,0.12,Matches
79,Ryan Christie,"MF,FW",sct Scotland,28,1995,3,1,99,1.1,0,0,0,0,0,0,0,0,0.0,0.0,0.0,0.0,0,0,4,0.00,0.00,0.00,0.00,0.00,0.00,0.00,0.00,0.00,0.00,Matches
80,Mojmir Chytil,FW,cz Czechia,24,1999,3,1,107,1.2,0,0,0,0,0,0,0,0,0.2,0.2,0.1,0.3,0,1,2,0.00,0.00,0.00,0.00,0.00,0.16,0.10,0.26,0.16,0.26,Matches
81,Alexandru Cicâldău,MF,ro Romania,26,1997,1,0,19,0.2,0,0,0,0,0,0,0,0,0.0,0.0,0.0,0.0,0,0,0,0.00,0.00,0.00,0.00,0.00,0.00,0.00,0.00,0.00,0.00,Matches
82,Florinel Coman,MF,ro Romania,25,1998,2,2,118,1.3,0,0,0,0,0,0,0,0,0.1,0.1,0.1,0.1,3,1,4,0.00,0.00,0.00,0.00,0.00,0.05,0.05,0.10,0.05,0.10,Matches
83,Kingsley Coman,MF,fr France,27,1996,1,0,16,0.2,0,0,0,0,0,0,0,0,0.0,0.0,0.0,0.0,0,1,3,0.00,0.00,0.00,0.00,0.00,0.00,0.00,0.00,0.00,0.00,Matches
84,Francisco Conceição,"FW,MF",pt Portugal,21,2002,4,1,182,2.0,1,0,1,1,0,0,1,0,0.9,0.9,1.6,2.5,15,9,34,0.49,0.00,0.49,0.49,0.49,0.66,1.21,1.88,0.66,1.88,Matches
85,Diogo Costa,GK,pt Portugal,24,1999,5,5,510,5.7,0,0,0,0,0,0,0,0,0.0,0.0,0.0,0.0,0,0,0,0.00,0.00,0.00,0.00,0.00,0.00,0.00,0.00,0.00,0.00,Matches
86,Vladimír Coufal,"DF,FW",cz Czechia,31,1992,3,3,270,3.0,0,1,1,0,0,0,1,0,0.0,0.0,0.6,0.6,10,11,12,0.00,0.33,0.33,0.00,0.33,0.00,0.19,0.19,0.00,0.19,Matches
87,Bryan Cristante,MF,it Italy,28,1995,3,1,133,1.5,0,0,0,0,0,0,1,0,0.1,0.1,0.2,0.3,4,5,2,0.00,0.00,0.00,0.00,0.00,0.05,0.13,0.18,0.05,0.18,Matches
88,Kevin Csoboth,DF,hu Hungary,23,2000,2,0,9,0.1,1,0,1,1,0,0,2,0,0.6,0.6,0.0,0.6,1,2,1,10.00,0.00,10.00,10.00,10.00,6.22,0.00,6.22,6.22,6.22,Matches
89,Marc Cucurella,DF,es Spain,25,1998,6,6,545,6.1,0,1,1,0,0,0,0,0,0.0,0.0,1.1,1.1,16,29,33,0.00,0.17,0.17,0.00,0.17,0.00,0.19,0.19,0.00,0.19,Matches
90,Mirlind Daku,FW,al Albania,26,1998,1,0,6,0.1,0,0,0,0,0,0,1,0,0.1,0.1,0.1,0.2,1,1,2,0.00,0.00,0.00,0.00,0.00,1.71,1.99,3.70,1.71,3.70,Matches
91,Diogo Dalot,"DF,MF",pt Portugal,24,1999,2,2,152,1.7,0,0,0,0,0,0,0,0,0.1,0.1,0.0,0.1,2,11,13,0.00,0.00,0.00,0.00,0.00,0.03,0.02,0.06,0.03,0.06,Matches
92,Mikkel Damsgaard,FW,dk Denmark,23,2000,1,0,34,0.4,0,0,0,0,0,0,0,0,0.0,0.0,0.0,0.0,0,0,2,0.00,0.00,0.00,0.00,0.00,0.03,0.00,0.03,0.03,0.03,Matches
93,Kevin Danso,DF,at Austria,25,1998,3,2,212,2.4,0,0,0,0,0,0,1,0,0.0,0.0,0.0,0.0,4,22,1,0.00,0.00,0.00,0.00,0.00,0.02,0.00,0.02,0.02,0.02,Matches
94,Márton Dárdai,DF,hu Hungary,21,2002,3,2,175,1.9,0,0,0,0,0,0,0,0,0.1,0.1,0.0,0.1,0,5,0,0.00,0.00,0.00,0.00,0.00,0.04,0.00,0.04,0.04,0.04,Matches
95,Matteo Darmian,DF,it Italy,34,1989,3,2,161,1.8,0,0,0,0,0,0,0,0,0.0,0.0,0.0,0.0,1,6,5,0.00,0.00,0.00,0.00,0.00,0.00,0.00,0.00,0.00,0.00,Matches
96,Zuriko Davitashvili,"FW,MF",ge Georgia,22,2001,4,1,115,1.3,0,0,0,0,0,0,1,0,0.1,0.1,0.0,0.1,3,3,11,0.00,0.00,0.00,0.00,0.00,0.07,0.00,0.07,0.07,0.07,Matches
97,Paweł Dawidowicz,DF,pl Poland,28,1995,2,2,180,2.0,0,0,0,0,0,0,1,0,0.1,0.1,0.0,0.1,0,0,0,0.00,0.00,0.00,0.00,0.00,0.05,0.00,0.05,0.05,0.05,Matches
98,Kevin De Bruyne,MF,be Belgium,32,1991,4,4,360,4.0,1,0,1,1,0,0,0,0,0.9,0.9,1.6,2.5,7,28,21,0.25,0.00,0.25,0.25,0.25,0.21,0.40,0.61,0.21,0.61,Matches
99,Charles De Ketelaere,FW,be Belgium,22,2001,1,0,3,0.0,0,0,0,0,0,0,0,0,0.0,0.0,0.0,0.0,0,0,0,0.00,0.00,0.00,0.00,0.00,0.00,0.00,0.00,0.00,0.00,Matches
100,Zeno Debast,DF,be Belgium,20,2003,2,1,104,1.2,0,0,0,0,0,0,0,0,0.0,0.0,0.1,0.1,0,3,0,0.00,0.00,0.00,0.00,0.00,0.00,0.09,0.09,0.00,0.09,Matches
101,Thomas Delaney,MF,dk Denmark,32,1991,3,1,84,0.9,0,0,0,0,0,0,0,0,0.1,0.1,0.2,0.3,2,4,4,0.00,0.00,0.00,0.00,0.00,0.12,0.25,0.37,0.12,0.37,Matches
102,Ousmane Dembélé,"FW,MF",fr France,26,1997,5,4,361,4.0,0,0,0,0,0,0,1,0,0.5,0.5,1.2,1.7,32,14,46,0.00,0.00,0.00,0.00,0.00,0.15,0.32,0.47,0.15,0.47,Matches
103,Merih Demiral,DF,tr Türkiye,25,1998,4,2,208,2.3,2,0,2,2,0,0,0,0,0.7,0.7,0.0,0.7,0,4,0,0.87,0.00,0.87,0.87,0.87,0.32,0.01,0.32,0.32,0.32,Matches
104,Giovanni Di Lorenzo,"DF,FW",it Italy,30,1993,4,4,360,4.0,0,0,0,0,0,0,0,0,0.2,0.2,0.0,0.2,4,23,9,0.00,0.00,0.00,0.00,0.00,0.04,0.00,0.04,0.04,0.04,Matches
105,Rúben Dias,DF,pt Portugal,26,1997,4,4,420,4.7,0,0,0,0,0,0,0,0,0.1,0.1,0.1,0.2,6,22,4,0.00,0.00,0.00,0.00,0.00,0.02,0.02,0.04,0.02,0.04,Matches
106,Federico Dimarco,"DF,FW",it Italy,26,1997,3,3,228,2.5,0,0,0,0,0,0,0,0,0.0,0.0,0.3,0.3,6,5,13,0.00,0.00,0.00,0.00,0.00,0.02,0.10,0.12,0.02,0.12,Matches
107,Berat Djimsiti,DF,al Albania,30,1993,3,3,270,3.0,0,0,0,0,0,0,0,0,0.1,0.1,0.0,0.1,1,6,0,0.00,0.00,0.00,0.00,0.00,0.03,0.00,0.04,0.03,0.04,Matches
108,Jeremy Doku,"FW,MF",be Belgium,21,2002,4,4,320,3.6,0,0,0,0,0,0,0,0,0.2,0.2,0.6,0.8,30,10,31,0.00,0.00,0.00,0.00,0.00,0.06,0.17,0.23,0.06,0.23,Matches
109,Kasper Dolberg,FW,dk Denmark,26,1997,2,0,40,0.4,0,0,0,0,0,0,0,0,0.0,0.0,0.0,0.0,0,0,3,0.00,0.00,0.00,0.00,0.00,0.00,0.00,0.00,0.00,0.00,Matches
110,Gianluigi Donnarumma,GK,it Italy,24,1999,4,4,360,4.0,0,0,0,0,0,0,1,0,0.0,0.0,0.0,0.0,0,0,0,0.00,0.00,0.00,0.00,0.00,0.00,0.00,0.00,0.00,0.00,Matches
111,David Doudera,FW,cz Czechia,25,1998,1,1,90,1.0,0,0,0,0,0,0,0,0,0.0,0.0,0.0,0.0,3,2,1,0.00,0.00,0.00,0.00,0.00,0.00,0.00,0.00,0.00,0.00,Matches
112,Artem Dovbyk,FW,ua Ukraine,26,1997,3,3,246,2.7,0,0,0,0,0,0,1,0,0.6,0.6,0.6,1.2,2,2,12,0.00,0.00,0.00,0.00,0.00,0.23,0.20,0.44,0.23,0.44,Matches
113,Denis Drăguș,FW,ro Romania,24,1999,4,4,291,3.2,1,0,1,1,0,0,0,0,1.1,1.1,0.1,1.1,2,3,13,0.31,0.00,0.31,0.31,0.31,0.33,0.02,0.35,0.33,0.35,Matches
114,Radu Drăgușin,DF,ro Romania,21,2002,4,4,360,4.0,0,0,0,0,0,0,0,0,0.2,0.2,0.0,0.2,0,3,1,0.00,0.00,0.00,0.00,0.00,0.06,0.00,0.06,0.06,0.06,Matches
115,Vanja Drkušič,DF,si Slovenia,24,1999,4,4,390,4.3,0,0,0,0,0,0,1,0,0.0,0.0,0.1,0.1,0,3,1,0.00,0.00,0.00,0.00,0.00,0.00,0.03,0.03,0.00,0.03,Matches
116,Kwadwo Duah,FW,ch Switzerland,26,1997,3,1,107,1.2,1,0,1,1,0,0,0,0,0.7,0.7,0.0,0.7,1,1,5,0.84,0.00,0.84,0.84,0.84,0.60,0.00,0.60,0.60,0.60,Matches
117,Martin Dúbravka,GK,sk Slovakia,35,1989,4,4,390,4.3,0,0,0,0,0,0,0,0,0.0,0.0,0.0,0.0,0,0,0,0.00,0.00,0.00,0.00,0.00,0.00,0.00,0.00,0.00,0.00,Matches
118,Ondrej Duda,MF,sk Slovakia,29,1994,4,4,317,3.5,1,0,1,1,0,0,1,0,0.3,0.3,0.1,0.4,2,9,9,0.28,0.00,0.28,0.28,0.28,0.08,0.04,0.12,0.08,0.12,Matches
119,Denzel Dumfries,DF,nl Netherlands,27,1996,5,5,449,5.0,0,0,0,0,0,0,2,0,0.3,0.3,0.7,0.9,7,19,42,0.00,0.00,0.00,0.00,0.00,0.05,0.14,0.19,0.05,0.19,Matches
120,Dávid Ďuriš,"FW,MF",sk Slovakia,24,1999,2,0,23,0.3,0,0,0,0,0,0,0,0,0.0,0.0,0.0,0.0,0,1,0,0.00,0.00,0.00,0.00,0.00,0.00,0.00,0.00,0.00,0.00,Matches
121,Lasha Dvali,DF,ge Georgia,28,1995,4,4,360,4.0,0,0,0,0,0,0,0,0,0.0,0.0,0.0,0.0,2,8,0,0.00,0.00,0.00,0.00,0.00,0.00,0.00,0.00,0.00,0.00,Matches
122,Timi Elšnik,MF,si Slovenia,25,1998,4,4,359,4.0,0,1,1,0,0,0,0,0,0.3,0.3,0.5,0.9,12,11,3,0.00,0.25,0.25,0.00,0.25,0.08,0.14,0.22,0.08,0.22,Matches
123,Breel Embolo,FW,ch Switzerland,26,1997,5,3,296,3.3,2,0,2,2,0,0,0,0,2.1,2.1,0.2,2.3,4,6,13,0.61,0.00,0.61,0.61,0.61,0.65,0.05,0.70,0.65,0.70,Matches
124,Christian Eriksen,"MF,FW",dk Denmark,31,1992,4,4,348,3.9,1,0,1,1,0,0,0,0,1.3,1.3,0.8,2.1,5,17,14,0.26,0.00,0.26,0.26,0.26,0.33,0.21,0.55,0.33,0.55,Matches
125,Eberechi Eze,"DF,MF",eng England,25,1998,3,0,102,1.1,0,0,0,0,0,0,0,0,0.1,0.1,0.0,0.1,6,1,7,0.00,0.00,0.00,0.00,0.00,0.16,0.00,0.16,0.16,0.16,Matches
126,Wout Faes,DF,be Belgium,25,1998,4,4,360,4.0,0,0,0,0,0,0,1,0,0.0,0.0,0.0,0.0,3,9,0,0.00,0.00,0.00,0.00,0.00,0.00,0.00,0.00,0.00,0.00,Matches
127,Nicolò Fagioli,MF,it Italy,22,2001,2,1,95,1.1,0,0,0,0,0,0,1,0,0.0,0.0,0.0,0.0,3,6,0,0.00,0.00,0.00,0.00,0.00,0.02,0.02,0.03,0.02,0.03,Matches
128,João Félix,"MF,FW",pt Portugal,24,1999,2,1,105,1.2,0,0,0,0,0,0,0,0,0.1,0.1,0.4,0.5,2,6,15,0.00,0.00,0.00,0.00,0.00,0.14,0.35,0.49,0.14,0.49,Matches
129,Bruno Fernandes,MF,pt Portugal,29,1994,4,4,374,4.2,1,0,1,1,0,0,0,0,1.2,1.2,0.8,2.0,17,39,33,0.24,0.00,0.24,0.24,0.24,0.32,0.21,0.53,0.32,0.53,Matches
130,Attila Fiola,DF,hu Hungary,33,1990,2,2,180,2.0,0,0,0,0,0,0,0,0,0.0,0.0,0.0,0.0,2,3,3,0.00,0.00,0.00,0.00,0.00,0.00,0.02,0.02,0.00,0.02,Matches
131,Phil Foden,"FW,MF",eng England,23,2000,7,7,617,6.9,0,0,0,0,0,0,1,0,0.6,0.6,0.5,1.1,7,22,44,0.00,0.00,0.00,0.00,0.00,0.08,0.08,0.16,0.08,0.16,Matches
132,Youssouf Fofana,MF,fr France,25,1999,3,0,41,0.5,0,0,0,0,0,0,0,0,0.0,0.0,0.0,0.0,1,2,1,0.00,0.00,0.00,0.00,0.00,0.21,0.00,0.21,0.21,0.21,Matches
133,Michael Folorunsho,FW,it Italy,25,1998,1,0,1,0.0,0,0,0,0,0,0,0,0,0.0,0.0,0.0,0.0,0,0,0,0.00,0.00,0.00,0.00,0.00,0.00,0.00,0.00,0.00,0.00,Matches
134,Przemysław Frankowski,DF,pl Poland,28,1995,3,3,270,3.0,0,0,0,0,0,0,0,0,0.0,0.0,0.4,0.4,6,11,9,0.00,0.00,0.00,0.00,0.00,0.00,0.15,0.15,0.00,0.15,Matches
135,Davide Frattesi,MF,it Italy,24,1999,4,2,185,2.1,0,0,0,0,0,0,0,0,0.3,0.3,0.0,0.3,2,4,13,0.00,0.00,0.00,0.00,0.00,0.12,0.00,0.12,0.12,0.12,Matches
136,Remo Freuler,MF,ch Switzerland,31,1992,5,5,456,5.1,1,2,3,1,0,0,1,0,0.3,0.3,0.6,0.9,7,22,17,0.20,0.39,0.59,0.20,0.59,0.05,0.12,0.18,0.05,0.18,Matches
137,Jeremie Frimpong,FW,nl Netherlands,23,2000,3,1,86,1.0,0,0,0,0,0,0,0,0,0.1,0.1,0.1,0.1,3,2,10,0.00,0.00,0.00,0.00,0.00,0.06,0.05,0.12,0.06,0.12,Matches
138,Chris Führich,FW,de Germany,26,1998,1,0,19,0.2,0,0,0,0,0,0,0,0,0.0,0.0,0.0,0.0,3,2,3,0.00,0.00,0.00,0.00,0.00,0.17,0.00,0.17,0.17,0.17,Matches
139,Niclas Füllkrug,FW,de Germany,30,1993,5,0,166,1.8,2,0,2,2,0,0,0,0,1.0,1.0,0.6,1.6,2,4,12,1.08,0.00,1.08,1.08,1.08,0.69,0.40,1.09,0.69,1.09,Matches
140,Mijat Gaćinović,DF,rs Serbia,28,1995,1,0,45,0.5,0,0,0,0,0,0,1,0,0.1,0.1,0.0,0.1,0,0,4,0.00,0.00,0.00,0.00,0.00,0.13,0.00,0.13,0.13,0.13,Matches
141,Cody Gakpo,FW,nl Netherlands,24,1999,6,6,523,5.8,3,1,4,3,0,0,0,0,1.1,1.1,2.0,3.0,22,11,55,0.52,0.17,0.69,0.52,0.69,0.18,0.34,0.52,0.18,0.52,Matches
142,Conor Gallagher,MF,eng England,23,2000,5,1,120,1.3,0,0,0,0,0,0,1,0,0.0,0.0,0.0,0.0,0,1,1,0.00,0.00,0.00,0.00,0.00,0.00,0.00,0.00,0.00,0.00,Matches
143,Dániel Gazdag,MF,hu Hungary,27,1996,1,0,4,0.0,0,0,0,0,0,0,0,0,0.0,0.0,0.0,0.0,0,0,0,0.00,0.00,0.00,0.00,0.00,0.00,0.00,0.00,0.00,0.00,Matches
144,Lutsharel Geertruida,DF,nl Netherlands,23,2000,2,1,108,1.2,0,0,0,0,0,0,0,0,0.0,0.0,0.1,0.1,1,5,0,0.00,0.00,0.00,0.00,0.00,0.00,0.05,0.05,0.00,0.05,Matches
145,Billy Gilmour,MF,sct Scotland,22,2001,3,2,184,2.0,0,0,0,0,0,0,0,0,0.0,0.0,0.0,0.0,3,7,3,0.00,0.00,0.00,0.00,0.00,0.02,0.00,0.02,0.02,0.02,Matches
146,Olivier Giroud,FW,fr France,37,1986,4,0,59,0.7,0,0,0,0,0,0,0,0,0.2,0.2,0.0,0.2,0,0,5,0.00,0.00,0.00,0.00,0.00,0.23,0.06,0.29,0.23,0.29,Matches
147,Klaus Gjasula,MF,al Albania,34,1989,1,0,19,0.2,1,0,1,1,0,0,1,0,0.3,0.3,0.0,0.3,0,3,0,4.74,0.00,4.74,4.74,4.74,1.48,0.00,1.48,1.48,1.48,Matches
148,Adam Gnezda Čerin,MF,si Slovenia,24,1999,4,4,390,4.3,0,0,0,0,0,0,0,0,0.3,0.3,0.0,0.3,4,11,5,0.00,0.00,0.00,0.00,0.00,0.06,0.01,0.07,0.06,0.07,Matches
149,Anthony Gordon,FW,eng England,22,2001,1,0,2,0.0,0,0,0,0,0,0,0,0,0.0,0.0,0.0,0.0,0,1,1,0.00,0.00,0.00,0.00,0.00,0.00,0.84,0.84,0.00,0.84,Matches
150,Jon Gorenc Stanković,MF,si Slovenia,28,1996,4,0,94,1.0,0,0,0,0,0,0,1,0,0.0,0.0,0.0,0.0,0,5,1,0.00,0.00,0.00,0.00,0.00,0.05,0.00,0.05,0.05,0.05,Matches
151,Michael Gregoritsch,FW,at Austria,29,1994,4,1,126,1.4,1,0,1,1,0,0,0,0,0.9,0.9,0.0,0.9,0,3,9,0.71,0.00,0.71,0.71,0.71,0.68,0.00,0.68,0.68,0.68,Matches
152,Antoine Griezmann,"MF,FW",fr France,32,1991,6,4,394,4.4,0,0,0,0,0,0,1,0,2.0,2.0,0.3,2.3,7,24,23,0.00,0.00,0.00,0.00,0.00,0.45,0.08,0.53,0.45,0.53,Matches
153,Florian Grillitsch,MF,at Austria,28,1995,4,3,194,2.2,0,1,1,0,0,0,0,0,0.2,0.2,0.1,0.3,5,22,3,0.00,0.46,0.46,0.00,0.46,0.09,0.06,0.15,0.09,0.15,Matches
154,Álex Grimaldo,DF,es Spain,28,1995,2,1,115,1.3,0,0,0,0,0,0,0,0,0.0,0.0,0.6,0.6,4,6,13,0.00,0.00,0.00,0.00,0.00,0.00,0.47,0.47,0.00,0.47,Matches
155,Pascal Groß,MF,de Germany,32,1991,1,0,45,0.5,0,0,0,0,0,0,0,0,0.0,0.0,0.0,0.0,0,5,2,0.00,0.00,0.00,0.00,0.00,0.07,0.00,0.07,0.07,0.07,Matches
156,Kamil Grosicki,MF,pl Poland,35,1988,1,0,16,0.2,0,0,0,0,0,0,0,0,0.3,0.3,0.0,0.3,0,0,1,0.00,0.00,0.00,0.00,0.00,1.61,0.00,1.61,1.61,1.61,Matches
157,Nemanja Gudelj,MF,rs Serbia,32,1991,2,2,90,1.0,0,0,0,0,0,0,1,0,0.0,0.0,0.0,0.0,0,7,0,0.00,0.00,0.00,0.00,0.00,0.00,0.00,0.00,0.00,0.00,Matches
158,Marc Guéhi,DF,eng England,23,2000,6,6,570,6.3,0,1,1,0,0,0,2,0,0.2,0.2,0.1,0.3,3,18,1,0.00,0.16,0.16,0.00,0.16,0.03,0.02,0.05,0.03,0.05,Matches
159,Péter Gulácsi,GK,hu Hungary,33,1990,3,3,270,3.0,0,0,0,0,0,0,0,0,0.0,0.0,0.0,0.0,0,0,0,0.00,0.00,0.00,0.00,0.00,0.00,0.00,0.00,0.00,0.00,Matches
160,Arda Güler,"FW,MF",tr Türkiye,18,2005,5,4,340,3.8,1,2,3,1,0,0,1,0,0.3,0.3,1.4,1.6,9,20,18,0.26,0.53,0.79,0.26,0.79,0.07,0.36,0.43,0.07,0.43,Matches
161,İlkay Gündoğan,MF,de Germany,33,1990,5,5,383,4.3,1,1,2,1,0,0,0,0,0.8,0.8,0.2,1.0,4,21,26,0.23,0.23,0.47,0.23,0.47,0.18,0.05,0.23,0.18,0.23,Matches
162,Angus Gunn,GK,sct Scotland,28,1996,3,3,270,3.0,0,0,0,0,0,0,0,0,0.0,0.0,0.0,0.0,0,0,0,0.00,0.00,0.00,0.00,0.00,0.00,0.00,0.00,0.00,0.00,Matches
163,Mert Günok,GK,tr Türkiye,34,1989,4,4,360,4.0,0,0,0,0,0,0,1,0,0.0,0.0,0.0,0.0,0,0,0,0.00,0.00,0.00,0.00,0.00,0.00,0.00,0.00,0.00,0.00,Matches
164,Joško Gvardiol,DF,hr Croatia,22,2002,3,3,270,3.0,0,0,0,0,0,0,0,0,0.1,0.1,0.0,0.1,3,15,8,0.00,0.00,0.00,0.00,0.00,0.03,0.00,0.03,0.03,0.03,Matches
165,Giorgi Gwelesiani,DF,ge Georgia,32,1991,3,2,162,1.8,0,0,0,0,0,0,1,0,0.0,0.0,0.0,0.0,1,1,0,0.00,0.00,0.00,0.00,0.00,0.00,0.00,0.00,0.00,0.00,Matches
166,Norbert Gyömbér,DF,sk Slovakia,31,1992,2,0,32,0.4,0,0,0,0,0,0,1,0,0.0,0.0,0.1,0.1,4,4,0,0.00,0.00,0.00,0.00,0.00,0.00,4.13,4.13,0.00,4.13,Matches
167,Ianis Hagi,MF,ro Romania,25,1998,4,2,188,2.1,0,0,0,0,0,0,0,0,0.1,0.1,0.1,0.2,4,3,5,0.00,0.00,0.00,0.00,0.00,0.06,0.04,0.10,0.06,0.10,Matches
168,Dávid Hancko,DF,sk Slovakia,26,1997,4,4,366,4.1,0,0,0,0,0,0,0,0,0.2,0.2,0.0,0.3,6,20,14,0.00,0.00,0.00,0.00,0.00,0.07,0.01,0.07,0.07,0.07,Matches
169,Grant Hanley,DF,sct Scotland,32,1991,3,2,225,2.5,0,0,0,0,0,0,0,0,0.2,0.2,0.1,0.3,0,4,0,0.00,0.00,0.00,0.00,0.00,0.09,0.03,0.12,0.09,0.12,Matches
170,Lukáš Haraslín,FW,sk Slovakia,27,1996,4,4,264,2.9,0,1,1,0,0,0,0,0,0.5,0.5,0.6,1.1,13,2,20,0.00,0.34,0.34,0.00,0.34,0.16,0.20,0.36,0.16,0.36,Matches
171,Kai Havertz,"FW,MF",de Germany,24,1999,5,5,389,4.3,2,1,3,0,2,2,0,0,4.1,2.5,0.3,2.8,12,11,38,0.46,0.23,0.69,0.00,0.23,0.95,0.06,1.01,0.59,0.65,Matches
172,Jack Hendry,DF,sct Scotland,28,1995,3,3,261,2.9,0,0,0,0,0,0,0,0,0.0,0.0,0.0,0.0,1,6,2,0.00,0.00,0.00,0.00,0.00,0.01,0.00,0.01,0.01,0.01,Matches
173,Benjamin Henrichs,DF,de Germany,26,1997,1,0,10,0.1,0,0,0,0,0,0,0,0,0.0,0.0,0.0,0.0,1,2,1,0.00,0.00,0.00,0.00,0.00,0.17,0.00,0.17,0.17,0.17,Matches
174,Theo Hernández,DF,fr France,26,1997,6,6,570,6.3,0,0,0,0,0,0,0,0,0.4,0.4,1.0,1.4,22,38,63,0.00,0.00,0.00,0.00,0.00,0.06,0.17,0.24,0.06,0.24,Matches
175,Morten Hjulmand,MF,dk Denmark,24,1999,3,3,245,2.7,1,0,1,1,0,0,2,0,0.1,0.1,0.1,0.2,1,18,7,0.37,0.00,0.37,0.37,0.37,0.05,0.02,0.07,0.05,0.07,Matches
176,Adam Hložek,MF,cz Czechia,21,2002,2,2,108,1.2,0,0,0,0,0,0,0,0,0.5,0.5,0.0,0.5,1,1,3,0.00,0.00,0.00,0.00,0.00,0.46,0.00,0.46,0.46,0.46,Matches
177,Tomáš Holeš,DF,cz Czechia,30,1993,3,3,269,3.0,0,0,0,0,0,0,1,0,0.0,0.0,0.0,0.1,1,8,0,0.00,0.00,0.00,0.00,0.00,0.01,0.02,0.02,0.01,0.02,Matches
178,Arbër Hoxha,"FW,MF",al Albania,25,1998,3,0,50,0.6,0,0,0,0,0,0,1,0,0.1,0.1,0.0,0.1,7,1,3,0.00,0.00,0.00,0.00,0.00,0.17,0.08,0.25,0.17,0.25,Matches
179,Robin Hranáč,DF,cz Czechia,24,2000,3,3,270,3.0,0,1,1,0,0,0,0,0,0.3,0.3,0.5,0.8,1,8,1,0.00,0.33,0.33,0.00,0.33,0.11,0.16,0.27,0.11,0.27,Matches
180,Elseid Hysaj,DF,al Albania,29,1994,2,2,180,2.0,0,0,0,0,0,0,1,0,0.1,0.1,0.1,0.2,0,5,2,0.00,0.00,0.00,0.00,0.00,0.04,0.07,0.11,0.04,0.11,Matches
181,Pierre Højbjerg,MF,dk Denmark,28,1995,4,4,353,3.9,0,0,0,0,0,0,0,0,0.2,0.2,0.3,0.5,7,33,13,0.00,0.00,0.00,0.00,0.00,0.05,0.06,0.12,0.05,0.12,Matches
182,Rasmus Højlund,FW,dk Denmark,20,2003,4,4,286,3.2,0,0,0,0,0,0,0,0,0.7,0.7,0.1,0.8,6,3,28,0.00,0.00,0.00,0.00,0.00,0.21,0.04,0.25,0.21,0.25,Matches
183,Ivan Ilić,MF,rs Serbia,22,2001,3,2,201,2.2,0,1,1,0,0,0,0,0,0.0,0.0,0.3,0.4,3,13,6,0.00,0.45,0.45,0.00,0.45,0.02,0.15,0.17,0.02,0.17,Matches
184,Josip Iličić,"FW,MF",si Slovenia,36,1988,2,0,31,0.3,0,0,0,0,0,0,0,0,0.0,0.0,0.0,0.0,0,0,0,0.00,0.00,0.00,0.00,0.00,0.25,0.00,0.25,0.25,0.25,Matches
185,Gonçalo Inácio,DF,pt Portugal,22,2001,2,1,118,1.3,0,0,0,0,0,0,0,0,0.1,0.1,0.0,0.1,9,25,2,0.00,0.00,0.00,0.00,0.00,0.07,0.00,0.07,0.07,0.07,Matches
186,Luka Ivanušec,MF,hr Croatia,25,1998,1,0,21,0.2,0,0,0,0,0,0,1,0,0.0,0.0,0.0,0.0,0,0,0,0.00,0.00,0.00,0.00,0.00,0.00,0.00,0.00,0.00,0.00,Matches
187,Erik Janža,DF,si Slovenia,30,1993,3,3,269,3.0,1,0,1,1,0,0,2,0,0.0,0.0,0.6,0.6,3,11,5,0.33,0.00,0.33,0.33,0.33,0.01,0.19,0.21,0.01,0.21,Matches
188,Jorginho,MF,it Italy,32,1991,3,3,215,2.4,0,0,0,0,0,0,0,0,0.0,0.0,0.0,0.0,1,18,4,0.00,0.00,0.00,0.00,0.00,0.00,0.01,0.01,0.00,0.01,Matches
189,Joselu,FW,es Spain,33,1990,2,1,90,1.0,0,0,0,0,0,0,0,0,0.2,0.2,0.0,0.2,1,0,1,0.00,0.00,0.00,0.00,0.00,0.24,0.00,0.24,0.24,0.24,Matches
190,Diogo Jota,"FW,MF",pt Portugal,27,1996,3,0,100,1.1,0,0,0,0,0,0,0,0,0.7,0.7,0.3,1.0,6,2,13,0.00,0.00,0.00,0.00,0.00,0.86,0.40,1.26,0.86,1.26,Matches
191,Luka Jović,"MF,FW",rs Serbia,26,1997,3,0,102,1.1,1,0,1,1,0,0,1,0,0.2,0.2,0.0,0.2,1,1,3,0.88,0.00,0.88,0.88,0.88,0.17,0.04,0.20,0.17,0.20,Matches
192,Josip Juranović,DF,hr Croatia,28,1995,2,1,91,1.0,0,0,0,0,0,0,0,0,0.0,0.0,0.2,0.2,1,3,10,0.00,0.00,0.00,0.00,0.00,0.00,0.15,0.15,0.00,0.15,Matches
193,David Jurásek,DF,cz Czechia,23,2000,2,2,160,1.8,0,0,0,0,0,0,1,0,0.3,0.3,0.4,0.6,0,2,16,0.00,0.00,0.00,0.00,0.00,0.15,0.21,0.36,0.15,0.36,Matches
194,Matěj Jurásek,"DF,MF",cz Czechia,20,2003,2,0,46,0.5,0,0,0,0,0,0,0,0,0.1,0.1,0.0,0.1,6,2,13,0.00,0.00,0.00,0.00,0.00,0.17,0.08,0.25,0.17,0.25,Matches
195,Ferdi Kadioglu,"DF,MF",tr Türkiye,24,1999,5,5,450,5.0,0,0,0,0,0,0,0,0,0.1,0.1,0.9,0.9,22,24,21,0.00,0.00,0.00,0.00,0.00,0.01,0.17,0.19,0.01,0.19,Matches
196,İrfan Kahveci,FW,tr Türkiye,28,1995,1,0,8,0.1,0,0,0,0,0,0,0,0,0.0,0.0,0.0,0.0,0,0,0,0.00,0.00,0.00,0.00,0.00,0.00,0.00,0.00,0.00,0.00,Matches
197,Otar Kakabadze,"DF,MF",ge Georgia,28,1995,4,4,360,4.0,0,0,0,0,0,0,0,0,0.0,0.0,0.6,0.6,3,12,9,0.00,0.00,0.00,0.00,0.00,0.00,0.15,0.16,0.00,0.16,Matches
198,Harry Kane,FW,eng England,30,1993,7,7,601,6.7,3,0,3,2,1,1,2,0,2.8,2.1,0.3,2.3,3,18,18,0.45,0.00,0.45,0.30,0.30,0.42,0.04,0.46,0.31,0.35,Matches
199,N'Golo Kanté,MF,fr France,32,1991,6,6,511,5.7,0,0,0,0,0,0,0,0,0.1,0.1,1.4,1.5,16,44,19,0.00,0.00,0.00,0.00,0.00,0.03,0.26,0.29,0.03,0.29,Matches
200,Žan Karničnik,DF,si Slovenia,29,1994,4,4,390,4.3,1,0,1,1,0,0,1,0,0.5,0.5,0.0,0.5,8,7,10,0.23,0.00,0.23,0.23,0.23,0.13,0.00,0.13,0.13,0.13,Matches
201,Guram Kashia,DF,ge Georgia,36,1987,4,4,360,4.0,0,0,0,0,0,0,1,0,0.0,0.0,0.0,0.0,0,2,0,0.00,0.00,0.00,0.00,0.00,0.00,0.00,0.00,0.00,0.00,Matches
202,Milos Kerkez,DF,hu Hungary,20,2003,3,3,237,2.6,0,0,0,0,0,0,0,0,0.0,0.0,0.1,0.1,9,5,9,0.00,0.00,0.00,0.00,0.00,0.00,0.02,0.02,0.00,0.02,Matches
203,Semih Kılıçsoy,FW,tr Türkiye,18,2005,1,0,2,0.0,0,0,0,0,0,0,0,0,0.2,0.2,0.0,0.2,0,0,1,0.00,0.00,0.00,0.00,0.00,9.23,0.00,9.23,9.23,9.23,Matches
204,Joshua Kimmich,DF,de Germany,28,1995,5,5,480,5.3,0,2,2,0,0,0,0,0,0.4,0.4,1.4,1.8,14,39,52,0.00,0.37,0.37,0.00,0.37,0.08,0.27,0.35,0.08,0.35,Matches
205,Otar Kiteishvili,MF,ge Georgia,27,1996,2,2,130,1.4,0,0,0,0,0,0,0,0,0.0,0.0,0.0,0.0,1,2,0,0.00,0.00,0.00,0.00,0.00,0.00,0.03,0.03,0.00,0.03,Matches
206,Jakub Kiwior,DF,pl Poland,23,2000,3,3,270,3.0,0,0,0,0,0,0,0,0,0.1,0.1,0.2,0.4,2,4,5,0.00,0.00,0.00,0.00,0.00,0.05,0.07,0.12,0.05,0.12,Matches
207,László Kleinheisler,MF,hu Hungary,29,1994,2,0,51,0.6,0,0,0,0,0,0,1,0,0.0,0.0,0.0,0.0,0,2,1,0.00,0.00,0.00,0.00,0.00,0.00,0.00,0.00,0.00,0.00,Matches
208,Giorgi Kochorashvili,MF,ge Georgia,24,1999,4,4,360,4.0,0,1,1,0,0,0,1,0,0.3,0.3,0.4,0.7,4,18,4,0.00,0.25,0.25,0.00,0.25,0.08,0.09,0.17,0.08,0.17,Matches
209,Orkun Kökçü,MF,tr Türkiye,23,2000,4,3,221,2.5,0,2,2,0,0,0,2,0,1.0,1.0,1.1,2.1,7,11,10,0.00,0.81,0.81,0.00,0.81,0.40,0.47,0.87,0.40,0.87,Matches
210,Randal Kolo Muani,FW,fr France,25,1998,5,2,201,2.2,1,0,1,1,0,0,0,0,0.8,0.8,0.0,0.8,4,2,13,0.45,0.00,0.45,0.45,0.45,0.34,0.01,0.35,0.34,0.35,Matches
211,Yukhym Konoplia,DF,ua Ukraine,24,1999,1,1,71,0.8,0,0,0,0,0,0,1,0,0.0,0.0,0.0,0.0,3,3,10,0.00,0.00,0.00,0.00,0.00,0.00,0.00,0.00,0.00,0.00,Matches
212,Ezri Konsa,DF,eng England,26,1997,3,1,93,1.0,0,0,0,0,0,0,0,0,0.0,0.0,0.0,0.0,0,2,0,0.00,0.00,0.00,0.00,0.00,0.00,0.00,0.00,0.00,0.00,Matches
213,Filip Kostić,DF,rs Serbia,31,1992,1,1,42,0.5,0,0,0,0,0,0,0,0,0.0,0.0,0.0,0.0,0,0,3,0.00,0.00,0.00,0.00,0.00,0.00,0.00,0.00,0.00,0.00,Matches
214,Jules Koundé,DF,fr France,25,1998,6,6,570,6.3,0,0,0,0,0,0,0,0,0.2,0.2,0.9,1.0,14,36,41,0.00,0.00,0.00,0.00,0.00,0.03,0.15,0.17,0.03,0.17,Matches
215,Mateo Kovačić,MF,hr Croatia,29,1994,3,3,223,2.5,0,0,0,0,0,0,0,0,0.5,0.5,0.1,0.6,12,11,4,0.00,0.00,0.00,0.00,0.00,0.21,0.06,0.26,0.21,0.26,Matches
216,Matej Kovar,GK,cz Czechia,23,2000,1,0,36,0.4,0,0,0,0,0,0,0,0,0.0,0.0,0.0,0.0,0,0,0,0.00,0.00,0.00,0.00,0.00,0.00,0.00,0.00,0.00,0.00,Matches
217,Andrej Kramarić,FW,hr Croatia,32,1991,3,3,243,2.7,1,0,1,1,0,0,0,0,0.7,0.7,0.2,0.9,5,7,32,0.37,0.00,0.37,0.37,0.37,0.28,0.07,0.35,0.28,0.35,Matches
218,Ladislav Krejčí,DF,cz Czechia,24,1999,3,3,270,3.0,0,0,0,0,0,0,1,0,0.3,0.3,0.0,0.4,6,19,0,0.00,0.00,0.00,0.00,0.00,0.11,0.01,0.13,0.11,0.13,Matches
219,Toni Kroos,MF,de Germany,34,1990,5,5,469,5.2,0,0,0,0,0,0,1,0,0.2,0.2,0.8,1.0,2,67,7,0.00,0.00,0.00,0.00,0.00,0.03,0.16,0.20,0.03,0.20,Matches
220,Jan Kuchta,FW,cz Czechia,27,1997,2,1,95,1.1,0,0,0,0,0,0,0,0,0.0,0.0,0.0,0.0,0,3,2,0.00,0.00,0.00,0.00,0.00,0.00,0.00,0.00,0.00,0.00,Matches
221,Juraj Kucka,MF,sk Slovakia,36,1987,4,4,350,3.9,0,1,1,0,0,0,1,0,0.4,0.4,0.5,0.9,3,6,10,0.00,0.26,0.26,0.00,0.26,0.11,0.12,0.23,0.11,0.23,Matches
222,Jasmin Kurtić,FW,si Slovenia,35,1989,1,0,1,0.0,0,0,0,0,0,0,0,0,0.0,0.0,0.0,0.0,0,0,0,0.00,0.00,0.00,0.00,0.00,0.00,0.00,0.00,0.00,0.00,Matches
223,Khvicha Kvaratskhelia,FW,ge Georgia,22,2001,4,4,342,3.8,1,0,1,1,0,0,0,0,1.0,1.0,0.6,1.6,16,10,19,0.26,0.00,0.26,0.26,0.26,0.26,0.16,0.42,0.26,0.42,Matches
224,Nika Kvekveskiri,MF,ge Georgia,31,1992,1,0,12,0.1,0,0,0,0,0,0,0,0,0.0,0.0,0.0,0.0,0,0,1,0.00,0.00,0.00,0.00,0.00,0.00,0.00,0.00,0.00,0.00,Matches
225,Giorgi Kvilitaia,FW,ge Georgia,30,1993,1,0,3,0.0,0,0,0,0,0,0,0,0,0.0,0.0,0.0,0.0,0,0,0,0.00,0.00,0.00,0.00,0.00,0.00,0.00,0.00,0.00,0.00,Matches
226,Saba Kvirkvelia,DF,ge Georgia,31,1992,3,2,180,2.0,0,0,0,0,0,0,1,0,0.0,0.0,0.0,0.0,0,5,1,0.00,0.00,0.00,0.00,0.00,0.00,0.00,0.00,0.00,0.00,Matches
227,Qazim Laçi,"MF,FW",al Albania,28,1996,3,2,163,1.8,1,0,1,1,0,0,0,0,0.3,0.3,0.1,0.4,2,4,9,0.55,0.00,0.55,0.55,0.55,0.18,0.04,0.22,0.18,0.22,Matches
228,Konrad Laimer,"MF,FW",at Austria,26,1997,4,3,270,3.0,0,0,0,0,0,0,1,0,0.5,0.5,0.0,0.6,7,17,10,0.00,0.00,0.00,0.00,0.00,0.18,0.01,0.18,0.18,0.18,Matches
229,Ádám Lang,DF,hu Hungary,31,1993,1,1,45,0.5,0,0,0,0,0,0,0,0,0.0,0.0,0.0,0.0,0,2,0,0.00,0.00,0.00,0.00,0.00,0.00,0.00,0.00,0.00,0.00,Matches
230,Aymeric Laporte,DF,es Spain,29,1994,6,6,525,5.8,0,0,0,0,0,0,0,0,0.2,0.2,0.1,0.3,14,46,1,0.00,0.00,0.00,0.00,0.00,0.04,0.02,0.06,0.04,0.06,Matches
231,Robin Le Normand,DF,es Spain,27,1996,6,5,442,4.9,0,0,0,0,0,0,2,0,0.3,0.3,0.0,0.4,3,19,1,0.00,0.00,0.00,0.00,0.00,0.07,0.01,0.08,0.07,0.08,Matches
232,Rafael Leão,FW,pt Portugal,24,1999,4,4,287,3.2,0,0,0,0,0,0,2,0,0.2,0.2,0.5,0.7,28,13,32,0.00,0.00,0.00,0.00,0.00,0.06,0.15,0.21,0.06,0.21,Matches
233,Robert Lewandowski,FW,pl Poland,35,1988,2,1,121,1.3,1,0,1,0,1,1,1,0,1.0,0.2,0.1,0.2,0,2,5,0.74,0.00,0.74,0.00,0.00,0.71,0.05,0.76,0.12,0.17,Matches
234,Philipp Lienhart,DF,at Austria,27,1996,3,3,214,2.4,0,0,0,0,0,0,1,0,0.3,0.3,0.0,0.3,2,8,0,0.00,0.00,0.00,0.00,0.00,0.11,0.00,0.11,0.11,0.11,Matches
235,Ondřej Lingr,"MF,FW",cz Czechia,25,1998,3,0,83,0.9,0,0,0,0,0,0,0,0,0.5,0.5,0.0,0.5,1,2,6,0.00,0.00,0.00,0.00,0.00,0.51,0.00,0.51,0.51,0.51,Matches
236,Dominik Livaković,GK,hr Croatia,29,1995,3,3,270,3.0,0,0,0,0,0,0,0,0,0.0,0.0,0.0,0.0,0,0,0,0.00,0.00,0.00,0.00,0.00,0.00,0.00,0.00,0.00,0.00,Matches
237,Stanislav Lobotka,MF,sk Slovakia,29,1994,4,4,390,4.3,0,0,0,0,0,0,0,0,0.0,0.0,0.1,0.1,8,17,1,0.00,0.00,0.00,0.00,0.00,0.01,0.03,0.03,0.01,0.03,Matches
238,Saba Lobzhanidze,FW,ge Georgia,29,1994,1,0,9,0.1,0,0,0,0,0,0,0,0,0.2,0.2,0.0,0.2,1,0,2,0.00,0.00,0.00,0.00,0.00,1.82,0.00,1.82,1.82,1.82,Matches
239,Luka Lochoshvili,"DF,MF",ge Georgia,25,1998,4,2,170,1.9,0,0,0,0,0,0,0,0,0.1,0.1,0.0,0.1,1,1,2,0.00,0.00,0.00,0.00,0.00,0.03,0.00,0.03,0.03,0.03,Matches
240,Fermin López,MF,es Spain,20,2003,1,0,29,0.3,0,0,0,0,0,0,0,0,0.1,0.1,0.0,0.1,0,1,1,0.00,0.00,0.00,0.00,0.00,0.17,0.00,0.17,0.17,0.17,Matches
241,Romelu Lukaku,FW,be Belgium,30,1993,4,4,359,4.0,0,1,1,0,0,0,0,0,1.7,1.7,0.2,1.9,6,3,19,0.00,0.25,0.25,0.00,0.25,0.42,0.06,0.48,0.42,0.48,Matches
242,Dodi Lukebakio,"FW,DF",be Belgium,26,1997,3,1,65,0.7,0,0,0,0,0,0,2,0,0.2,0.2,0.1,0.4,3,1,13,0.00,0.00,0.00,0.00,0.00,0.33,0.19,0.52,0.33,0.52,Matches
243,Saša Lukić,MF,rs Serbia,27,1996,3,3,209,2.3,0,0,0,0,0,0,1,0,0.1,0.1,0.0,0.1,5,5,7,0.00,0.00,0.00,0.00,0.00,0.04,0.00,0.04,0.04,0.04,Matches
244,Andriy Lunin,GK,ua Ukraine,24,1999,1,1,90,1.0,0,0,0,0,0,0,0,0,0.0,0.0,0.0,0.0,0,0,0,0.00,0.00,0.00,0.00,0.00,0.00,0.00,0.00,0.00,0.00,Matches
245,Mike Maignan,GK,fr France,28,1995,6,6,570,6.3,0,0,0,0,0,0,0,0,0.0,0.0,0.0,0.0,0,0,0,0.00,0.00,0.00,0.00,0.00,0.00,0.00,0.00,0.00,0.00,Matches
246,Kobbie Mainoo,MF,eng England,18,2005,6,4,368,4.1,0,0,0,0,0,0,1,0,0.3,0.3,0.0,0.3,6,13,13,0.00,0.00,0.00,0.00,0.00,0.07,0.01,0.08,0.07,0.08,Matches
247,Lovro Majer,"FW,MF",hr Croatia,26,1998,3,2,146,1.6,0,0,0,0,0,0,0,0,0.2,0.2,0.3,0.5,4,11,10,0.00,0.00,0.00,0.00,0.00,0.11,0.20,0.31,0.11,0.31,Matches
248,Donyell Malen,FW,nl Netherlands,25,1999,4,2,190,2.1,2,0,2,2,0,0,1,0,1.9,1.9,0.2,2.1,12,7,24,0.95,0.00,0.95,0.95,0.95,0.89,0.11,1.00,0.89,1.00,Matches
249,Ruslan Malinovskyi,MF,ua Ukraine,30,1993,3,0,35,0.4,0,0,0,0,0,0,0,0,0.1,0.1,0.3,0.3,1,4,0,0.00,0.00,0.00,0.00,0.00,0.19,0.71,0.90,0.19,0.90,Matches
250,Giorgi Mamardashvili,GK,ge Georgia,23,2000,4,4,360,4.0,0,0,0,0,0,0,0,0,0.0,0.0,0.0,0.0,0,0,0,0.00,0.00,0.00,0.00,0.00,0.00,0.00,0.00,0.00,0.00,Matches
251,Dennis Man,MF,ro Romania,25,1998,4,3,266,3.0,0,2,2,0,0,0,0,0,0.3,0.3,1.0,1.3,5,5,19,0.00,0.68,0.68,0.00,0.68,0.11,0.32,0.43,0.11,0.43,Matches
252,Rey Manaj,FW,al Albania,26,1997,3,2,156,1.7,0,0,0,0,0,0,0,0,0.4,0.4,0.0,0.4,0,0,4,0.00,0.00,0.00,0.00,0.00,0.21,0.00,0.21,0.21,0.21,Matches
253,Gianluca Mancini,DF,it Italy,27,1996,1,1,90,1.0,0,0,0,0,0,0,1,0,0.0,0.0,0.0,0.0,2,0,0,0.00,0.00,0.00,0.00,0.00,0.00,0.00,0.00,0.00,0.00,Matches
254,Orel Mangala,MF,be Belgium,25,1998,4,1,133,1.5,0,0,0,0,0,0,2,0,0.0,0.0,0.2,0.2,0,6,2,0.00,0.00,0.00,0.00,0.00,0.00,0.12,0.12,0.00,0.12,Matches
255,Marius Marin,MF,ro Romania,25,1998,4,4,302,3.4,0,0,0,0,0,0,2,0,0.0,0.0,0.2,0.2,0,6,2,0.00,0.00,0.00,0.00,0.00,0.00,0.06,0.06,0.00,0.06,Matches
256,Răzvan Marin,MF,ro Romania,27,1996,4,4,355,3.9,2,0,2,1,1,1,1,0,0.9,0.1,0.1,0.2,3,11,5,0.51,0.00,0.51,0.25,0.25,0.24,0.01,0.25,0.04,0.05,Matches
257,Ádám Martin,"FW,DF",hu Hungary,29,1994,3,0,45,0.5,0,0,0,0,0,0,0,0,0.0,0.0,0.1,0.1,0,0,2,0.00,0.00,0.00,0.00,0.00,0.00,0.18,0.18,0.00,0.18,Matches
258,Mykola Matviyenko,DF,ua Ukraine,27,1996,3,3,270,3.0,0,0,0,0,0,0,0,0,0.0,0.0,0.2,0.2,7,11,1,0.00,0.00,0.00,0.00,0.00,0.00,0.07,0.07,0.00,0.07,Matches
259,Kylian Mbappé,FW,fr France,25,1998,5,5,464,5.2,1,1,2,0,1,1,1,0,2.9,2.1,0.7,2.8,28,27,55,0.19,0.19,0.39,0.00,0.19,0.57,0.13,0.69,0.41,0.54,Matches
260,John McGinn,"MF,FW",sct Scotland,29,1994,3,3,230,2.6,0,0,0,0,0,0,1,0,0.0,0.0,0.0,0.0,2,4,9,0.00,0.00,0.00,0.00,0.00,0.00,0.00,0.00,0.00,0.00,Matches
261,Callum McGregor,MF,sct Scotland,30,1993,3,3,246,2.7,0,1,1,0,0,0,0,0,0.1,0.1,0.1,0.3,0,5,3,0.00,0.37,0.37,0.00,0.37,0.05,0.05,0.10,0.05,0.10,Matches
262,Scott McKenna,DF,sct Scotland,27,1996,3,1,134,1.5,0,0,0,0,0,0,1,0,0.0,0.0,0.0,0.0,0,1,3,0.00,0.00,0.00,0.00,0.00,0.02,0.00,0.02,0.02,0.02,Matches
263,Kenny McLean,MF,sct Scotland,32,1992,3,0,44,0.5,0,0,0,0,0,0,0,0,0.0,0.0,0.0,0.0,0,2,1,0.00,0.00,0.00,0.00,0.00,0.03,0.00,0.03,0.03,0.03,Matches
264,Scott McTominay,MF,sct Scotland,27,1996,3,3,270,3.0,1,0,1,1,0,0,2,0,0.3,0.3,0.1,0.4,2,4,4,0.33,0.00,0.33,0.33,0.33,0.10,0.04,0.14,0.10,0.14,Matches
265,Anzor Mekvabishvili,MF,ge Georgia,22,2001,3,2,188,2.1,0,0,0,0,0,0,2,0,0.1,0.1,0.0,0.1,2,8,4,0.00,0.00,0.00,0.00,0.00,0.06,0.00,0.06,0.06,0.06,Matches
266,Memphis,"FW,MF",nl Netherlands,29,1994,6,6,457,5.1,1,1,2,1,0,0,0,0,2.0,2.0,1.2,3.1,6,13,30,0.20,0.20,0.39,0.20,0.39,0.39,0.23,0.62,0.39,0.62,Matches
267,Nuno Mendes,DF,pt Portugal,21,2002,4,4,419,4.7,0,0,0,0,0,0,0,0,0.2,0.2,0.0,0.2,11,31,25,0.00,0.00,0.00,0.00,0.00,0.05,0.01,0.06,0.05,0.06,Matches
268,Mikel Merino,"MF,FW",es Spain,27,1996,7,1,182,2.0,1,0,1,1,0,0,0,0,0.6,0.6,0.4,1.0,2,17,13,0.49,0.00,0.49,0.49,0.49,0.35,0.26,0.61,0.35,0.61,Matches
269,Valentin Mihaila,MF,ro Romania,23,2000,3,1,115,1.3,0,0,0,0,0,0,0,0,0.1,0.1,0.0,0.1,0,2,5,0.00,0.00,0.00,0.00,0.00,0.09,0.00,0.09,0.09,0.09,Matches
270,Srđan Mijailović,DF,rs Serbia,30,1993,1,1,72,0.8,0,0,0,0,0,0,0,0,0.0,0.0,0.0,0.0,1,0,2,0.00,0.00,0.00,0.00,0.00,0.00,0.00,0.00,0.00,0.00,Matches
271,Georges Mikautadze,FW,ge Georgia,23,2000,4,4,345,3.8,3,1,4,1,2,2,0,0,2.3,0.7,0.5,1.2,4,7,16,0.78,0.26,1.04,0.26,0.52,0.59,0.13,0.71,0.18,0.30,Matches
272,Nikola Milenković,DF,rs Serbia,26,1997,3,3,270,3.0,0,0,0,0,0,0,1,0,0.0,0.0,0.0,0.0,2,9,0,0.00,0.00,0.00,0.00,0.00,0.00,0.01,0.01,0.00,0.01,Matches
273,Sergej Milinković-Savić,MF,rs Serbia,28,1995,3,1,121,1.3,0,0,0,0,0,0,0,0,0.2,0.2,0.1,0.3,3,7,7,0.00,0.00,0.00,0.00,0.00,0.18,0.05,0.23,0.18,0.23,Matches
274,Mario Mitaj,DF,al Albania,20,2003,3,3,270,3.0,0,0,0,0,0,0,0,0,0.0,0.0,0.0,0.0,0,6,4,0.00,0.00,0.00,0.00,0.00,0.01,0.00,0.01,0.01,0.01,Matches
275,Aleksandar Mitrović,FW,rs Serbia,29,1994,3,3,240,2.7,0,0,0,0,0,0,1,0,1.2,1.2,0.0,1.2,0,2,10,0.00,0.00,0.00,0.00,0.00,0.44,0.00,0.44,0.44,0.44,Matches
276,Maximilian Mittelstädt,DF,de Germany,26,1997,4,3,304,3.4,0,1,1,0,0,0,2,0,0.1,0.1,0.4,0.6,8,10,39,0.00,0.30,0.30,0.00,0.30,0.04,0.14,0.18,0.04,0.18,Matches
277,Filip Mladenović,DF,rs Serbia,32,1991,3,1,111,1.2,0,0,0,0,0,0,1,0,0.0,0.0,0.0,0.0,2,2,9,0.00,0.00,0.00,0.00,0.00,0.00,0.01,0.01,0.00,0.01,Matches
278,Jan Mlakar,MF,si Slovenia,25,1998,4,4,295,3.3,0,0,0,0,0,0,0,0,0.1,0.1,0.0,0.1,4,6,5,0.00,0.00,0.00,0.00,0.00,0.04,0.01,0.04,0.04,0.04,Matches
279,Jakub Moder,MF,pl Poland,24,1999,3,1,180,2.0,0,0,0,0,0,0,1,0,0.6,0.6,0.0,0.6,2,8,4,0.00,0.00,0.00,0.00,0.00,0.32,0.00,0.32,0.32,0.32,Matches
280,Luka Modrić,MF,hr Croatia,38,1985,3,3,233,2.6,1,0,1,1,0,1,1,0,1.0,0.1,0.6,0.7,11,21,8,0.39,0.00,0.39,0.39,0.39,0.37,0.25,0.62,0.03,0.28,Matches
281,Vasile Mogos,DF,ro Romania,31,1992,1,1,37,0.4,0,0,0,0,0,0,0,0,0.0,0.0,0.0,0.0,0,1,1,0.00,0.00,0.00,0.00,0.00,0.00,0.00,0.00,0.00,0.00,Matches
282,Álvaro Morata,FW,es Spain,31,1992,7,6,449,5.0,1,1,2,1,0,0,2,0,1.4,1.4,0.5,1.9,4,6,28,0.20,0.20,0.40,0.20,0.40,0.28,0.10,0.37,0.28,0.37,Matches
283,Lewis Morgan,DF,sct Scotland,27,1996,1,0,2,0.0,0,0,0,0,0,0,0,0,0.0,0.0,0.0,0.0,1,0,1,0.00,0.00,0.00,0.00,0.00,1.79,0.00,1.79,1.79,1.79,Matches
284,Ernest Muçi,FW,al Albania,22,2001,2,0,14,0.2,0,0,0,0,0,0,0,0,0.0,0.0,0.0,0.0,0,0,1,0.00,0.00,0.00,0.00,0.00,0.00,0.00,0.00,0.00,0.00,Matches
285,Mykhailo Mudryk,"FW,MF",ua Ukraine,23,2001,2,2,174,1.9,0,0,0,0,0,0,0,0,0.4,0.4,0.4,0.9,11,7,16,0.00,0.00,0.00,0.00,0.00,0.23,0.22,0.44,0.23,0.44,Matches
286,Mert Müldür,"DF,MF",tr Türkiye,24,1999,4,4,345,3.8,1,0,1,1,0,0,1,0,0.6,0.6,0.0,0.6,11,12,13,0.26,0.00,0.26,0.26,0.26,0.14,0.01,0.15,0.14,0.15,Matches
287,Thomas Müller,"MF,FW",de Germany,34,1989,2,0,58,0.6,0,1,1,0,0,0,0,0,0.4,0.4,0.3,0.7,2,3,8,0.00,1.55,1.55,0.00,1.55,1.19,0.99,2.17,1.19,2.17,Matches
288,Jamal Musiala,FW,de Germany,20,2003,5,5,419,4.7,3,0,3,3,0,0,0,0,1.0,1.0,0.2,1.3,28,22,34,0.64,0.00,0.64,0.64,0.64,0.24,0.05,0.29,0.24,0.29,Matches
289,Phillipp Mwene,DF,at Austria,30,1994,3,3,194,2.2,0,1,1,0,0,0,1,0,0.0,0.0,0.1,0.1,6,7,18,0.00,0.46,0.46,0.00,0.46,0.00,0.05,0.05,0.00,0.05,Matches
290,Vitaliy Mykolenko,DF,ua Ukraine,24,1999,1,1,57,0.6,0,0,0,0,0,0,0,0,0.0,0.0,0.1,0.1,1,1,6,0.00,0.00,0.00,0.00,0.00,0.00,0.18,0.18,0.00,0.18,Matches
291,Joakim Mæhle,"DF,MF",dk Denmark,26,1997,4,3,283,3.1,0,0,0,0,0,0,2,0,0.1,0.1,0.4,0.5,12,10,21,0.00,0.00,0.00,0.00,0.00,0.04,0.12,0.16,0.04,0.16,Matches
292,Nacho,DF,es Spain,34,1990,4,2,263,2.9,0,0,0,0,0,0,0,0,0.0,0.0,0.0,0.0,1,6,1,0.00,0.00,0.00,0.00,0.00,0.00,0.01,0.01,0.00,0.01,Matches
293,Ádám Nagy,MF,hu Hungary,28,1995,3,2,159,1.8,0,0,0,0,0,0,0,0,0.0,0.0,0.0,0.0,0,8,0,0.00,0.00,0.00,0.00,0.00,0.01,0.00,0.01,0.01,0.01,Matches
294,Zsolt Nagy,DF,hu Hungary,30,1993,2,0,21,0.2,0,0,0,0,0,0,0,0,0.0,0.0,0.0,0.0,0,1,2,0.00,0.00,0.00,0.00,0.00,0.00,0.00,0.00,0.00,0.00,Matches
295,Jesús Navas,DF,es Spain,38,1985,3,2,157,1.7,0,0,0,0,0,0,1,0,0.0,0.0,0.2,0.2,6,0,11,0.00,0.00,0.00,0.00,0.00,0.00,0.12,0.12,0.00,0.12,Matches
296,Dan Ndoye,"MF,DF",ch Switzerland,23,2000,5,5,407,4.5,1,0,1,1,0,0,1,0,1.6,1.6,0.1,1.7,20,9,31,0.22,0.00,0.22,0.22,0.22,0.34,0.03,0.37,0.34,0.37,Matches
297,Pedro Neto,"DF,FW",pt Portugal,23,2000,3,1,120,1.3,0,0,0,0,0,0,1,0,0.0,0.0,0.0,0.0,16,5,19,0.00,0.00,0.00,0.00,0.00,0.00,0.01,0.01,0.00,0.01,Matches
298,Manuel Neuer,GK,de Germany,37,1986,5,5,480,5.3,0,0,0,0,0,0,0,0,0.0,0.0,0.0,0.0,0,0,0,0.00,0.00,0.00,0.00,0.00,0.00,0.00,0.00,0.00,0.00,Matches
299,João Neves,MF,pt Portugal,19,2004,2,1,77,0.9,0,0,0,0,0,0,0,0,0.1,0.1,0.0,0.1,1,8,3,0.00,0.00,0.00,0.00,0.00,0.06,0.00,0.06,0.06,0.06,Matches
300,Rúben Neves,MF,pt Portugal,26,1997,4,0,125,1.4,0,0,0,0,0,0,1,0,0.1,0.1,0.1,0.1,3,12,6,0.00,0.00,0.00,0.00,0.00,0.05,0.07,0.12,0.05,0.12,Matches
301,Florin Niță,GK,ro Romania,36,1987,4,4,360,4.0,0,0,0,0,0,0,0,0,0.0,0.0,0.0,0.0,0,0,0,0.00,0.00,0.00,0.00,0.00,0.00,0.00,0.00,0.00,0.00,Matches
302,Matheus Nunes,MF,pt Portugal,25,1998,2,0,18,0.2,0,0,0,0,0,0,0,0,0.3,0.3,0.0,0.3,2,1,1,0.00,0.00,0.00,0.00,0.00,1.41,0.12,1.54,1.41,1.54,Matches
303,Christian Nørgaard,MF,dk Denmark,29,1994,3,0,38,0.4,0,0,0,0,0,0,1,0,0.0,0.0,0.0,0.0,0,3,0,0.00,0.00,0.00,0.00,0.00,0.00,0.05,0.05,0.00,0.05,Matches
304,Adam Obert,DF,sk Slovakia,21,2002,2,0,25,0.3,0,0,0,0,0,0,0,0,0.0,0.0,0.0,0.0,1,5,3,0.00,0.00,0.00,0.00,0.00,0.00,0.00,0.00,0.00,0.00,Matches
305,Jan Oblak,GK,si Slovenia,31,1993,4,4,390,4.3,0,0,0,0,0,0,0,0,0.0,0.0,0.0,0.0,0,0,0,0.00,0.00,0.00,0.00,0.00,0.00,0.00,0.00,0.00,0.00,Matches
306,Darius Olaru,MF,ro Romania,25,1998,2,0,26,0.3,0,0,0,0,0,0,0,0,0.0,0.0,0.0,0.0,0,3,1,0.00,0.00,0.00,0.00,0.00,0.00,0.00,0.00,0.00,0.00,Matches
307,Dani Olmo,"MF,FW",es Spain,25,1998,6,3,432,4.8,3,2,5,3,0,0,1,0,1.7,1.7,1.3,3.0,21,21,32,0.62,0.42,1.04,0.62,1.04,0.38,0.29,0.68,0.38,0.68,Matches
308,Amadou Onana,MF,be Belgium,22,2001,4,4,360,4.0,0,0,0,0,0,0,0,0,0.1,0.1,0.0,0.1,4,17,1,0.00,0.00,0.00,0.00,0.00,0.03,0.00,0.03,0.03,0.03,Matches
309,Loïs Openda,FW,be Belgium,23,2000,3,1,70,0.8,0,0,0,0,0,0,0,0,0.0,0.0,0.0,0.0,0,1,1,0.00,0.00,0.00,0.00,0.00,0.00,0.06,0.06,0.00,0.06,Matches
310,Willi Orban,DF,hu Hungary,31,1992,3,3,270,3.0,0,0,0,0,0,0,1,0,0.6,0.6,0.1,0.7,0,7,2,0.00,0.00,0.00,0.00,0.00,0.20,0.05,0.24,0.20,0.24,Matches
311,Mikel Oyarzabal,FW,es Spain,26,1997,7,1,201,2.2,1,1,2,1,0,0,0,0,0.9,0.9,0.6,1.6,4,9,22,0.45,0.45,0.90,0.45,0.90,0.49,0.33,0.82,0.49,0.82,Matches
312,Salih Özcan,MF,tr Türkiye,26,1998,4,2,155,1.7,0,0,0,0,0,0,1,0,0.0,0.0,0.0,0.0,1,3,2,0.00,0.00,0.00,0.00,0.00,0.02,0.00,0.02,0.02,0.02,Matches
313,João Palhinha,MF,pt Portugal,28,1995,4,4,299,3.3,0,0,0,0,0,0,2,0,0.2,0.2,0.1,0.2,0,23,2,0.00,0.00,0.00,0.00,0.00,0.05,0.02,0.07,0.05,0.07,Matches
314,Cole Palmer,"MF,FW",eng England,21,2002,5,0,149,1.7,1,1,2,1,0,0,0,0,0.2,0.2,0.1,0.3,6,16,17,0.60,0.60,1.21,0.60,1.21,0.17,0.14,0.31,0.17,0.31,Matches
315,Mario Pašalić,"FW,MF",hr Croatia,28,1995,3,1,116,1.3,0,0,0,0,0,0,0,0,0.4,0.4,0.0,0.4,2,5,7,0.00,0.00,0.00,0.00,0.00,0.29,0.00,0.29,0.29,0.29,Matches
316,Strahinja Pavlović,DF,rs Serbia,22,2001,3,3,270,3.0,0,0,0,0,0,0,0,0,0.0,0.0,0.1,0.1,8,13,4,0.00,0.00,0.00,0.00,0.00,0.00,0.02,0.02,0.00,0.02,Matches
317,Pedri,MF,es Spain,21,2002,4,4,186,2.1,0,1,1,0,0,0,0,0,1.1,1.1,0.8,1.9,6,10,16,0.00,0.48,0.48,0.00,0.48,0.53,0.38,0.92,0.53,0.92,Matches
318,Peter Pekarík,DF,sk Slovakia,37,1986,4,4,377,4.2,0,0,0,0,0,0,1,0,0.7,0.7,0.2,0.9,7,10,9,0.00,0.00,0.00,0.00,0.00,0.16,0.06,0.22,0.16,0.22,Matches
319,Lorenzo Pellegrini,"FW,MF",it Italy,27,1996,4,3,218,2.4,0,1,1,0,0,0,1,0,0.5,0.5,0.5,1.0,10,8,14,0.00,0.41,0.41,0.00,0.41,0.22,0.19,0.41,0.22,0.41,Matches
320,Patrick Pentz,GK,at Austria,27,1997,4,4,360,4.0,0,0,0,0,0,0,0,0,0.0,0.0,0.0,0.0,0,1,0,0.00,0.00,0.00,0.00,0.00,0.00,0.00,0.00,0.00,0.00,Matches
321,Pepe,DF,pt Portugal,40,1983,4,4,408,4.5,0,0,0,0,0,0,0,0,0.0,0.0,0.0,0.1,2,17,0,0.00,0.00,0.00,0.00,0.00,0.01,0.01,0.01,0.01,0.01,Matches
322,Danilo Pereira,DF,pt Portugal,32,1991,1,1,90,1.0,0,0,0,0,0,0,0,0,0.1,0.1,0.0,0.1,1,5,0,0.00,0.00,0.00,0.00,0.00,0.12,0.00,0.12,0.12,0.12,Matches
323,Ayoze Pérez,FW,es Spain,30,1993,1,0,13,0.1,0,0,0,0,0,0,0,0,0.3,0.3,0.0,0.3,2,1,3,0.00,0.00,0.00,0.00,0.00,2.01,0.00,2.01,2.01,2.01,Matches
324,Ivan Perišić,"DF,FW",hr Croatia,34,1989,3,1,139,1.5,0,0,0,0,0,0,0,0,0.1,0.1,0.4,0.5,8,4,17,0.00,0.00,0.00,0.00,0.00,0.07,0.24,0.31,0.07,0.31,Matches
325,Bruno Petković,FW,hr Croatia,29,1994,2,1,87,1.0,0,0,0,0,0,1,0,0,1.1,0.3,0.1,0.4,2,4,2,0.00,0.00,0.00,0.00,0.00,1.11,0.08,1.20,0.30,0.38,Matches
326,Krzysztof Piątek,FW,pl Poland,28,1995,1,1,59,0.7,1,0,1,1,0,0,0,0,0.5,0.5,0.0,0.5,0,0,2,1.53,0.00,1.53,1.53,1.53,0.82,0.00,0.82,0.82,0.82,Matches
327,Jordan Pickford,GK,eng England,29,1994,7,7,690,7.7,0,0,0,0,0,0,0,0,0.0,0.0,0.0,0.0,0,1,0,0.00,0.00,0.00,0.00,0.00,0.00,0.00,0.00,0.00,0.00,Matches
328,Jakub Piotrowski,MF,pl Poland,26,1997,2,1,58,0.6,0,0,0,0,0,0,0,0,0.2,0.2,0.2,0.4,2,1,2,0.00,0.00,0.00,0.00,0.00,0.25,0.35,0.60,0.25,0.60,Matches
329,Marin Pongračić,DF,hr Croatia,26,1997,2,2,180,2.0,0,0,0,0,0,0,1,0,0.0,0.0,0.0,0.0,0,3,0,0.00,0.00,0.00,0.00,0.00,0.00,0.00,0.00,0.00,0.00,Matches
330,Ryan Porteous,DF,sct Scotland,24,1999,1,1,43,0.5,0,0,0,0,0,0,0,1,0.0,0.0,0.0,0.0,0,0,0,0.00,0.00,0.00,0.00,0.00,0.00,0.00,0.00,0.00,0.00,Matches
331,Stefan Posch,DF,at Austria,26,1997,4,4,360,4.0,0,1,1,0,0,0,1,0,0.3,0.3,1.8,2.1,6,18,28,0.00,0.25,0.25,0.00,0.25,0.07,0.45,0.53,0.07,0.53,Matches
332,Yussuf Poulsen,"FW,MF",dk Denmark,29,1994,4,0,57,0.6,0,0,0,0,0,0,0,0,0.0,0.0,0.0,0.0,1,1,5,0.00,0.00,0.00,0.00,0.00,0.00,0.07,0.07,0.00,0.07,Matches
333,Alexander Prass,DF,at Austria,22,2001,4,1,166,1.8,0,1,1,0,0,0,0,0,0.0,0.0,0.4,0.4,6,7,6,0.00,0.54,0.54,0.00,0.54,0.00,0.20,0.20,0.00,0.20,Matches
334,Lukáš Provod,MF,cz Czechia,27,1996,3,3,232,2.6,1,0,1,1,0,0,1,0,0.1,0.1,0.3,0.4,5,3,4,0.39,0.00,0.39,0.39,0.39,0.04,0.12,0.17,0.04,0.17,Matches
335,George Pușcaș,FW,ro Romania,27,1996,2,0,40,0.4,0,0,0,0,0,0,1,0,0.0,0.0,0.0,0.0,0,0,1,0.00,0.00,0.00,0.00,0.00,0.00,0.00,0.00,0.00,0.00,Matches
336,Leopold Querfeld,DF,at Austria,20,2003,1,0,27,0.3,0,0,0,0,0,0,1,0,0.0,0.0,0.0,0.0,0,0,0,0.00,0.00,0.00,0.00,0.00,0.00,0.00,0.00,0.00,0.00,Matches
337,Adrien Rabiot,MF,fr France,28,1995,5,5,371,4.1,0,0,0,0,0,0,2,0,0.3,0.3,0.4,0.7,10,28,19,0.00,0.00,0.00,0.00,0.00,0.07,0.10,0.17,0.07,0.17,Matches
338,Bogdan Racovitan,DF,ro Romania,23,2000,2,0,57,0.6,0,0,0,0,0,0,0,0,0.0,0.0,0.0,0.0,1,1,0,0.00,0.00,0.00,0.00,0.00,0.00,0.00,0.00,0.00,0.00,Matches
339,Predrag Rajković,GK,rs Serbia,28,1995,3,3,270,3.0,0,0,0,0,0,0,0,0,0.0,0.0,0.0,0.0,0,0,0,0.00,0.00,0.00,0.00,0.00,0.00,0.00,0.00,0.00,0.00,Matches
340,Anthony Ralston,DF,sct Scotland,25,1998,3,3,262,2.9,0,0,0,0,0,0,1,0,0.0,0.0,0.1,0.1,2,4,4,0.00,0.00,0.00,0.00,0.00,0.00,0.03,0.03,0.00,0.03,Matches
341,Ylber Ramadani,MF,al Albania,27,1996,3,3,264,2.9,0,0,0,0,0,0,0,0,0.0,0.0,0.0,0.0,2,4,0,0.00,0.00,0.00,0.00,0.00,0.00,0.02,0.02,0.00,0.02,Matches
342,Gonçalo Ramos,FW,pt Portugal,22,2001,1,0,25,0.3,0,0,0,0,0,0,0,0,0.1,0.1,0.0,0.1,0,0,0,0.00,0.00,0.00,0.00,0.00,0.25,0.00,0.25,0.25,0.25,Matches
343,Giacomo Raspadori,FW,it Italy,23,2000,2,1,83,0.9,0,0,0,0,0,0,0,0,0.1,0.1,0.4,0.4,1,9,5,0.00,0.00,0.00,0.00,0.00,0.09,0.40,0.49,0.09,0.49,Matches
344,Andrei Ratiu,DF,ro Romania,25,1998,4,4,359,4.0,0,0,0,0,0,0,0,0,0.1,0.1,0.0,0.2,3,8,7,0.00,0.00,0.00,0.00,0.00,0.03,0.01,0.04,0.03,0.04,Matches
345,David Raum,DF,de Germany,25,1998,3,2,166,1.8,0,1,1,0,0,0,1,0,0.0,0.0,1.1,1.1,8,8,8,0.00,0.54,0.54,0.00,0.54,0.01,0.60,0.62,0.01,0.62,Matches
346,David Raya,GK,es Spain,28,1995,1,1,90,1.0,0,0,0,0,0,0,0,0,0.0,0.0,0.0,0.0,0,0,0,0.00,0.00,0.00,0.00,0.00,0.00,0.00,0.00,0.00,0.00,Matches
347,Tijjani Reijnders,MF,nl Netherlands,25,1998,6,6,496,5.5,0,0,0,0,0,0,0,0,0.7,0.7,0.6,1.2,19,32,13,0.00,0.00,0.00,0.00,0.00,0.12,0.11,0.23,0.12,0.23,Matches
348,Mateo Retegui,FW,it Italy,24,1999,4,1,152,1.7,0,0,0,0,0,0,0,0,0.2,0.2,0.0,0.2,0,1,6,0.00,0.00,0.00,0.00,0.00,0.15,0.00,0.15,0.15,0.15,Matches
349,Declan Rice,MF,eng England,25,1999,7,7,690,7.7,0,1,1,0,0,0,0,0,0.4,0.4,0.1,0.5,5,39,14,0.00,0.13,0.13,0.00,0.13,0.05,0.02,0.07,0.05,0.07,Matches
350,Fabian Rieder,MF,ch Switzerland,21,2002,5,3,218,2.4,0,0,0,0,0,0,0,0,0.0,0.0,0.3,0.3,7,10,22,0.00,0.00,0.00,0.00,0.00,0.01,0.12,0.14,0.01,0.14,Matches
351,Andrew Robertson,DF,sct Scotland,29,1994,3,3,268,3.0,0,0,0,0,0,0,0,0,0.0,0.0,0.3,0.3,5,8,7,0.00,0.00,0.00,0.00,0.00,0.00,0.11,0.11,0.00,0.11,Matches
352,Rodri,MF,es Spain,27,1996,6,6,520,5.8,1,0,1,1,0,0,3,0,0.3,0.3,0.3,0.7,16,40,10,0.17,0.00,0.17,0.17,0.17,0.06,0.06,0.12,0.06,0.12,Matches
353,Ricardo Rodríguez,DF,ch Switzerland,31,1992,5,5,480,5.3,0,0,0,0,0,0,1,0,0.1,0.1,0.2,0.2,13,17,13,0.00,0.00,0.00,0.00,0.00,0.01,0.03,0.04,0.01,0.04,Matches
354,Taras Romanchuk,MF,pl Poland,32,1991,1,1,54,0.6,0,0,0,0,0,0,0,0,0.0,0.0,0.0,0.0,0,0,0,0.00,0.00,0.00,0.00,0.00,0.00,0.00,0.00,0.00,0.00,Matches
355,Cristiano Ronaldo,FW,pt Portugal,38,1985,5,5,485,5.4,0,1,1,0,0,1,1,0,3.6,2.8,1.2,4.1,3,5,33,0.00,0.19,0.19,0.00,0.19,0.76,0.26,1.03,0.60,0.86,Matches
356,Antonio Rüdiger,DF,de Germany,30,1993,5,5,480,5.3,0,0,0,0,0,0,2,0,0.2,0.2,0.6,0.8,3,35,0,0.00,0.00,0.00,0.00,0.00,0.04,0.11,0.15,0.04,0.15,Matches
357,Fabián Ruiz Peña,MF,es Spain,27,1996,6,6,540,6.0,2,2,4,2,0,0,1,0,1.7,1.7,1.0,2.6,18,48,16,0.33,0.33,0.67,0.33,0.67,0.28,0.16,0.44,0.28,0.44,Matches
358,Adrian Rus,MF,ro Romania,27,1996,2,0,21,0.2,0,0,0,0,0,0,0,0,0.0,0.0,0.0,0.0,0,1,0,0.00,0.00,0.00,0.00,0.00,0.00,0.00,0.00,0.00,0.00,Matches
359,Marcel Sabitzer,"FW,MF",at Austria,29,1994,4,4,360,4.0,1,0,1,1,0,0,0,0,0.9,0.9,0.8,1.6,8,12,37,0.25,0.00,0.25,0.25,0.25,0.22,0.19,0.41,0.22,0.41,Matches
360,Bukayo Saka,"FW,DF",eng England,22,2001,7,7,632,7.0,1,0,1,1,0,0,1,0,0.4,0.4,0.4,0.7,31,25,85,0.14,0.00,0.14,0.14,0.14,0.06,0.06,0.12,0.06,0.12,Matches
361,Bartosz Salamon,DF,pl Poland,32,1991,1,1,85,0.9,0,0,0,0,0,0,0,0,0.0,0.0,0.0,0.0,0,0,1,0.00,0.00,0.00,0.00,0.00,0.01,0.00,0.01,0.01,0.01,Matches
362,William Saliba,DF,fr France,22,2001,6,6,570,6.3,0,0,0,0,0,0,1,0,0.1,0.1,0.0,0.1,4,15,0,0.00,0.00,0.00,0.00,0.00,0.02,0.00,0.02,0.02,0.02,Matches
363,Roland Sallai,MF,hu Hungary,26,1997,3,3,266,3.0,0,1,1,0,0,0,0,0,0.6,0.6,1.0,1.6,12,5,23,0.00,0.34,0.34,0.00,0.34,0.21,0.34,0.55,0.21,0.55,Matches
364,Lazar Samardzic,MF,rs Serbia,21,2002,2,1,54,0.6,0,0,0,0,0,0,0,0,0.1,0.1,0.0,0.1,0,1,2,0.00,0.00,0.00,0.00,0.00,0.13,0.00,0.13,0.13,0.13,Matches
365,Leroy Sané,FW,de Germany,28,1996,5,2,208,2.3,0,0,0,0,0,0,0,0,0.4,0.4,0.1,0.5,5,7,23,0.00,0.00,0.00,0.00,0.00,0.18,0.04,0.23,0.18,0.23,Matches
366,Leo Sauer,FW,sk Slovakia,18,2005,1,0,5,0.1,0,0,0,0,0,0,0,0,0.0,0.0,0.0,0.0,0,0,3,0.00,0.00,0.00,0.00,0.00,0.00,0.00,0.00,0.00,0.00,Matches
367,Gianluca Scamacca,FW,it Italy,25,1999,4,3,251,2.8,0,0,0,0,0,0,0,0,0.6,0.6,0.2,0.8,1,3,11,0.00,0.00,0.00,0.00,0.00,0.22,0.08,0.30,0.22,0.30,Matches
368,András Schäfer,MF,hu Hungary,24,1999,3,3,270,3.0,0,0,0,0,0,0,1,0,0.1,0.1,0.0,0.1,5,14,4,0.00,0.00,0.00,0.00,0.00,0.02,0.00,0.02,0.02,0.02,Matches
369,Fabian Schär,DF,ch Switzerland,32,1991,5,5,480,5.3,0,0,0,0,0,0,1,0,0.2,0.2,0.1,0.3,4,12,7,0.00,0.00,0.00,0.00,0.00,0.05,0.02,0.07,0.05,0.07,Matches
370,Patrik Schick,FW,cz Czechia,28,1996,2,2,127,1.4,1,0,1,1,0,0,2,0,1.5,1.5,0.1,1.6,2,1,6,0.71,0.00,0.71,0.71,0.71,1.03,0.08,1.11,1.03,1.11,Matches
371,Nico Schlotterbeck,DF,de Germany,24,1999,2,1,120,1.3,0,1,1,0,0,0,1,0,0.1,0.1,0.4,0.4,1,1,1,0.00,0.75,0.75,0.00,0.75,0.05,0.28,0.33,0.05,0.33,Matches
372,Kasper Schmeichel,GK,dk Denmark,37,1986,4,4,360,4.0,0,0,0,0,0,0,0,0,0.0,0.0,0.0,0.0,0,0,0,0.00,0.00,0.00,0.00,0.00,0.00,0.00,0.00,0.00,0.00,Matches
373,Romano Schmid,"FW,MF",at Austria,24,2000,4,2,145,1.6,1,0,1,1,0,0,1,0,0.1,0.1,0.7,0.8,3,5,11,0.62,0.00,0.62,0.62,0.62,0.08,0.42,0.50,0.08,0.50,Matches
374,Jerdy Schouten,MF,nl Netherlands,27,1997,6,6,500,5.6,0,0,0,0,0,0,1,0,0.1,0.1,0.1,0.2,7,39,11,0.00,0.00,0.00,0.00,0.00,0.01,0.03,0.04,0.01,0.04,Matches
375,Ivan Schranz,FW,sk Slovakia,30,1993,4,4,331,3.7,3,0,3,3,0,0,1,0,1.0,1.0,0.3,1.3,5,6,16,0.82,0.00,0.82,0.82,0.82,0.28,0.07,0.35,0.28,0.35,Matches
376,Taulant Seferi,FW,al Albania,27,1996,2,1,94,1.0,0,0,0,0,0,0,0,0,0.0,0.0,0.1,0.1,2,3,3,0.00,0.00,0.00,0.00,0.00,0.02,0.11,0.12,0.02,0.12,Matches
377,Nicolas Seiwald,MF,at Austria,22,2001,4,4,360,4.0,0,0,0,0,0,0,0,0,0.0,0.0,0.6,0.7,3,23,5,0.00,0.00,0.00,0.00,0.00,0.01,0.16,0.17,0.01,0.17,Matches
378,Nélson Semedo,DF,pt Portugal,30,1993,5,0,100,1.1,0,0,0,0,0,0,0,0,0.2,0.2,0.0,0.2,6,4,17,0.00,0.00,0.00,0.00,0.00,0.27,0.00,0.27,0.27,0.27,Matches
379,Benjamin Šeško,FW,si Slovenia,20,2003,4,4,358,4.0,0,0,0,0,0,0,0,0,0.9,0.9,0.1,1.0,3,7,21,0.00,0.00,0.00,0.00,0.00,0.25,0.03,0.28,0.25,0.28,Matches
380,Petr Ševčík,MF,cz Czechia,29,1994,2,0,22,0.2,0,0,0,0,0,0,0,0,0.1,0.1,0.0,0.1,3,3,1,0.00,0.00,0.00,0.00,0.00,0.50,0.00,0.50,0.50,0.50,Matches
381,Stephan El Shaarawy,FW,it Italy,31,1992,1,1,45,0.5,0,0,0,0,0,0,1,0,0.0,0.0,0.0,0.0,1,0,0,0.00,0.00,0.00,0.00,0.00,0.00,0.00,0.00,0.00,0.00,Matches
382,Lawrence Shankland,FW,sct Scotland,28,1995,3,0,25,0.3,0,0,0,0,0,0,0,0,0.0,0.0,0.0,0.0,1,2,1,0.00,0.00,0.00,0.00,0.00,0.00,0.14,0.14,0.00,0.14,Matches
383,Mykola Shaparenko,MF,ua Ukraine,25,1998,3,3,220,2.4,1,1,2,1,0,0,0,0,0.2,0.2,0.2,0.5,8,18,5,0.41,0.41,0.82,0.41,0.82,0.09,0.10,0.19,0.09,0.19,Matches
384,Xherdan Shaqiri,"MF,FW",ch Switzerland,32,1991,2,1,71,0.8,1,0,1,1,0,0,0,0,0.1,0.1,0.0,0.1,1,3,4,1.27,0.00,1.27,1.27,1.27,0.11,0.05,0.16,0.11,0.16,Matches
385,Luke Shaw,DF,eng England,28,1995,3,1,178,2.0,0,0,0,0,0,0,0,0,0.0,0.0,0.1,0.1,2,7,10,0.00,0.00,0.00,0.00,0.00,0.00,0.05,0.05,0.00,0.05,Matches
386,Vincent Sierro,MF,ch Switzerland,28,1995,4,0,38,0.4,0,0,0,0,0,0,1,0,0.0,0.0,0.0,0.0,0,2,0,0.00,0.00,0.00,0.00,0.00,0.03,0.00,0.03,0.03,0.03,Matches
387,António Silva,DF,pt Portugal,20,2003,2,1,73,0.8,0,0,0,0,0,0,0,0,0.1,0.1,0.1,0.2,1,10,1,0.00,0.00,0.00,0.00,0.00,0.14,0.11,0.25,0.14,0.25,Matches
388,Bernardo Silva,"FW,MF",pt Portugal,29,1994,4,4,420,4.7,1,0,1,1,0,0,0,0,0.7,0.7,0.6,1.3,15,28,47,0.21,0.00,0.21,0.21,0.21,0.18,0.16,0.33,0.18,0.33,Matches
389,Unai Simón,GK,es Spain,26,1997,6,6,570,6.3,0,0,0,0,0,0,1,0,0.0,0.0,0.0,0.0,0,0,0,0.00,0.00,0.00,0.00,0.00,0.00,0.00,0.00,0.00,0.00,Matches
390,Xavi Simons,"MF,FW",nl Netherlands,20,2003,6,5,454,5.0,1,3,4,1,0,0,2,0,0.6,0.6,1.0,1.5,20,28,33,0.20,0.59,0.79,0.20,0.79,0.11,0.20,0.31,0.11,0.31,Matches
391,Michał Skóraś,DF,pl Poland,23,2000,1,0,23,0.3,0,0,0,0,0,0,0,0,0.0,0.0,0.0,0.0,1,1,0,0.00,0.00,0.00,0.00,0.00,0.00,0.00,0.00,0.00,0.00,Matches
392,Łukasz Skorupski,GK,pl Poland,32,1991,1,1,90,1.0,0,0,0,0,0,0,0,0,0.0,0.0,0.0,0.0,0,0,0,0.00,0.00,0.00,0.00,0.00,0.00,0.00,0.00,0.00,0.00,Matches
393,Andreas Skov Olsen,"MF,FW",dk Denmark,24,1999,3,1,122,1.4,0,0,0,0,0,0,0,0,0.0,0.0,0.4,0.4,4,3,11,0.00,0.00,0.00,0.00,0.00,0.02,0.31,0.33,0.02,0.33,Matches
394,Milan Škriniar,DF,sk Slovakia,28,1995,4,4,390,4.3,0,0,0,0,0,0,1,0,0.3,0.3,0.1,0.4,4,21,0,0.00,0.00,0.00,0.00,0.00,0.07,0.02,0.09,0.07,0.09,Matches
395,Bartosz Slisz,MF,pl Poland,24,1999,2,1,110,1.2,0,0,0,0,0,0,1,0,0.0,0.0,0.1,0.1,1,5,2,0.00,0.00,0.00,0.00,0.00,0.00,0.10,0.10,0.00,0.10,Matches
396,Yann Sommer,GK,ch Switzerland,35,1988,5,5,480,5.3,0,0,0,0,0,0,0,0,0.0,0.0,0.0,0.0,0,0,0,0.00,0.00,0.00,0.00,0.00,0.00,0.00,0.00,0.00,0.00,Matches
397,Deian Sorescu,"MF,DF",ro Romania,26,1997,2,0,34,0.4,0,0,0,0,0,0,0,0,0.0,0.0,0.0,0.0,0,0,1,0.00,0.00,0.00,0.00,0.00,0.00,0.00,0.00,0.00,0.00,Matches
398,Borna Sosa,DF,hr Croatia,26,1998,1,0,7,0.1,0,0,0,0,0,0,0,0,0.0,0.0,0.0,0.0,0,0,1,0.00,0.00,0.00,0.00,0.00,0.00,0.00,0.00,0.00,0.00,Matches
399,Tomáš Souček,MF,cz Czechia,28,1995,3,3,270,3.0,1,0,1,1,0,0,2,0,0.6,0.6,1.0,1.5,0,11,4,0.33,0.00,0.33,0.33,0.33,0.19,0.32,0.51,0.19,0.51,Matches
400,Andraž Šporar,FW,si Slovenia,29,1994,4,4,338,3.8,0,0,0,0,0,0,0,0,1.0,1.0,0.8,1.8,3,3,19,0.00,0.00,0.00,0.00,0.00,0.26,0.22,0.48,0.26,0.48,Matches
401,Nicolae Stanciu,"MF,FW",ro Romania,30,1993,4,4,353,3.9,1,0,1,1,0,0,1,0,0.2,0.2,0.3,0.5,2,10,3,0.25,0.00,0.25,0.25,0.25,0.05,0.07,0.12,0.05,0.12,Matches
402,Jindřich Staněk,GK,cz Czechia,27,1996,3,3,234,2.6,0,0,0,0,0,0,0,0,0.0,0.0,0.0,0.0,0,0,0,0.00,0.00,0.00,0.00,0.00,0.00,0.00,0.00,0.00,0.00,Matches
403,Josip Stanišić,DF,hr Croatia,23,2000,2,2,180,2.0,0,0,0,0,0,0,1,0,0.2,0.2,0.0,0.2,3,8,9,0.00,0.00,0.00,0.00,0.00,0.09,0.02,0.11,0.09,0.11,Matches
404,Renato Steffen,DF,ch Switzerland,32,1991,1,0,1,0.0,0,0,0,0,0,0,0,0,0.0,0.0,0.0,0.0,1,0,0,0.00,0.00,0.00,0.00,0.00,0.00,0.00,0.00,0.00,0.00,Matches
405,Taras Stepanenko,MF,ua Ukraine,34,1989,2,1,82,0.9,0,0,0,0,0,0,0,0,0.1,0.1,0.0,0.1,0,5,3,0.00,0.00,0.00,0.00,0.00,0.07,0.00,0.07,0.07,0.07,Matches
406,Leonidas Stergiou,DF,ch Switzerland,21,2002,3,0,48,0.5,0,0,0,0,0,0,0,0,0.0,0.0,0.0,0.0,0,0,1,0.00,0.00,0.00,0.00,0.00,0.00,0.00,0.00,0.00,0.00,Matches
407,Petar Stojanović,MF,si Slovenia,28,1995,4,4,316,3.5,0,0,0,0,0,0,1,0,0.0,0.0,0.2,0.2,7,11,9,0.00,0.00,0.00,0.00,0.00,0.01,0.05,0.06,0.01,0.06,Matches
408,John Stones,DF,eng England,29,1994,7,7,690,7.7,0,0,0,0,0,0,1,0,0.1,0.1,0.0,0.1,0,21,1,0.00,0.00,0.00,0.00,0.00,0.01,0.00,0.01,0.01,0.01,Matches
409,Thomas Strakosha,GK,al Albania,28,1995,3,3,270,3.0,0,0,0,0,0,0,0,0,0.0,0.0,0.0,0.0,0,0,0,0.00,0.00,0.00,0.00,0.00,0.00,0.00,0.00,0.00,0.00,Matches
410,Dávid Strelec,FW,sk Slovakia,22,2001,4,2,182,2.0,0,1,1,0,0,0,0,0,0.7,0.7,0.8,1.5,0,2,6,0.00,0.49,0.49,0.00,0.49,0.34,0.42,0.76,0.34,0.76,Matches
411,Callum Styles,MF,hu Hungary,23,2000,1,1,60,0.7,0,0,0,0,0,0,1,0,0.0,0.0,0.0,0.0,0,2,0,0.00,0.00,0.00,0.00,0.00,0.00,0.03,0.03,0.00,0.03,Matches
412,Luka Sučić,"FW,MF",hr Croatia,21,2002,3,1,140,1.6,0,0,0,0,0,0,1,0,0.6,0.6,0.4,1.0,6,7,5,0.00,0.00,0.00,0.00,0.00,0.37,0.27,0.64,0.37,0.64,Matches
413,Heorhiy Sudakov,MF,ua Ukraine,21,2002,3,3,262,2.9,0,0,0,0,0,0,0,0,0.5,0.5,0.2,0.7,6,15,11,0.00,0.00,0.00,0.00,0.00,0.17,0.06,0.23,0.17,0.23,Matches
414,Pavel Šulc,MF,cz Czechia,23,2000,1,1,78,0.9,0,0,0,0,0,0,0,0,0.1,0.1,0.0,0.1,3,0,2,0.00,0.00,0.00,0.00,0.00,0.10,0.00,0.10,0.10,0.10,Matches
415,Tomáš Suslov,"FW,MF",sk Slovakia,21,2002,4,0,126,1.4,0,0,0,0,0,0,1,0,0.0,0.0,0.1,0.1,6,6,10,0.00,0.00,0.00,0.00,0.00,0.00,0.12,0.12,0.00,0.12,Matches
416,Josip Šutalo,DF,hr Croatia,23,2000,3,3,270,3.0,0,0,0,0,0,0,0,0,0.6,0.6,0.0,0.6,1,10,0,0.00,0.00,0.00,0.00,0.00,0.20,0.00,0.20,0.20,0.20,Matches
417,Oleksandr Svatok,DF,ua Ukraine,29,1994,1,1,80,0.9,0,0,0,0,0,0,0,0,0.0,0.0,0.0,0.0,0,3,0,0.00,0.00,0.00,0.00,0.00,0.00,0.00,0.00,0.00,0.00,Matches
418,Karol Świderski,FW,pl Poland,27,1997,3,0,90,1.0,0,0,0,0,0,0,1,0,0.3,0.3,0.6,0.9,0,0,6,0.00,0.00,0.00,0.00,0.00,0.29,0.61,0.90,0.29,0.90,Matches
419,Serhiy Sydorchuk,MF,ua Ukraine,32,1991,1,0,6,0.1,0,0,0,0,0,0,0,0,0.0,0.0,0.0,0.0,0,0,0,0.00,0.00,0.00,0.00,0.00,0.00,0.00,0.00,0.00,0.00,Matches
420,Attila Szalai,DF,hu Hungary,26,1998,2,1,95,1.1,0,0,0,0,0,0,1,0,0.1,0.1,0.0,0.1,0,8,2,0.00,0.00,0.00,0.00,0.00,0.08,0.00,0.08,0.08,0.08,Matches
421,Wojciech Szczęsny,GK,pl Poland,33,1990,2,2,180,2.0,0,0,0,0,0,0,1,0,0.0,0.0,0.0,0.0,0,0,0,0.00,0.00,0.00,0.00,0.00,0.00,0.00,0.00,0.00,0.00,Matches
422,Dominik Szoboszlai,MF,hu Hungary,23,2000,3,3,270,3.0,0,1,1,0,0,0,1,0,0.3,0.3,1.2,1.5,6,8,10,0.00,0.33,0.33,0.00,0.33,0.09,0.39,0.49,0.09,0.49,Matches
423,Sebastian Szymański,MF,pl Poland,24,1999,2,2,112,1.2,0,0,0,0,0,0,0,0,0.0,0.0,0.0,0.1,3,8,3,0.00,0.00,0.00,0.00,0.00,0.03,0.02,0.05,0.03,0.05,Matches
424,Dušan Tadić,MF,rs Serbia,35,1988,3,1,156,1.7,0,0,0,0,0,0,1,0,0.0,0.0,0.6,0.6,4,4,17,0.00,0.00,0.00,0.00,0.00,0.00,0.34,0.34,0.00,0.34,Matches
425,Jonathan Tah,DF,de Germany,27,1996,4,4,319,3.5,0,0,0,0,0,0,2,0,0.0,0.0,0.1,0.1,0,15,1,0.00,0.00,0.00,0.00,0.00,0.01,0.02,0.03,0.01,0.03,Matches
426,Maksym Talovierov,MF,ua Ukraine,23,2000,1,0,1,0.0,0,0,0,0,0,0,0,0,0.0,0.0,0.0,0.0,0,0,0,0.00,0.00,0.00,0.00,0.00,0.00,0.00,0.00,0.00,0.00,Matches
427,Aurélien Tchouaméni,MF,fr France,24,2000,5,5,470,5.2,0,0,0,0,0,0,2,0,0.4,0.4,0.2,0.6,9,56,5,0.00,0.00,0.00,0.00,0.00,0.07,0.05,0.12,0.07,0.12,Matches
428,Arthur Theate,DF,be Belgium,23,2000,3,3,256,2.8,0,0,0,0,0,0,0,0,0.0,0.0,0.0,0.1,5,9,4,0.00,0.00,0.00,0.00,0.00,0.01,0.02,0.03,0.01,0.03,Matches
429,Marcus Thuram,FW,fr France,26,1997,4,3,260,2.9,0,0,0,0,0,0,0,0,0.7,0.7,0.1,0.7,7,6,18,0.00,0.00,0.00,0.00,0.00,0.27,0.03,0.29,0.27,0.29,Matches
430,Youri Tielemans,MF,be Belgium,26,1997,3,2,148,1.6,1,0,1,1,0,0,1,0,0.1,0.1,0.0,0.1,3,15,1,0.61,0.00,0.61,0.61,0.61,0.07,0.01,0.08,0.07,0.08,Matches
431,Kieran Tierney,DF,sct Scotland,26,1997,2,2,136,1.5,0,0,0,0,0,0,0,0,0.0,0.0,0.0,0.0,2,3,0,0.00,0.00,0.00,0.00,0.00,0.00,0.00,0.00,0.00,0.00,Matches
432,Ivan Toney,"FW,MF",eng England,27,1996,3,0,45,0.5,0,1,1,0,0,0,0,0,0.1,0.1,0.2,0.3,0,0,1,0.00,2.00,2.00,0.00,2.00,3.27,6.96,10.23,3.27,10.23,Matches
433,Ferrán Torres,"FW,MF",es Spain,23,2000,5,1,155,1.7,1,0,1,1,0,0,1,0,0.6,0.6,0.1,0.8,4,2,15,0.58,0.00,0.58,0.58,0.58,0.45,0.09,0.54,0.45,0.54,Matches
434,Cenk Tosun,FW,tr Türkiye,32,1991,2,0,25,0.3,1,0,1,1,0,0,1,0,0.3,0.3,0.0,0.3,1,0,1,3.60,0.00,3.60,3.60,3.60,1.15,0.00,1.15,1.15,1.15,Matches
435,Gernot Trauner,DF,at Austria,31,1992,2,1,90,1.0,1,0,1,1,0,0,0,0,0.1,0.1,0.0,0.1,0,8,0,1.00,0.00,1.00,1.00,1.00,0.08,0.00,0.08,0.08,0.08,Matches
436,Kieran Trippier,DF,eng England,33,1990,6,6,450,5.0,0,0,0,0,0,0,2,0,0.1,0.1,0.8,0.9,2,29,27,0.00,0.00,0.00,0.00,0.00,0.02,0.17,0.19,0.02,0.19,Matches
437,Leandro Trossard,FW,be Belgium,29,1994,3,2,169,1.9,0,0,0,0,0,0,0,0,0.2,0.2,0.1,0.4,5,5,8,0.00,0.00,0.00,0.00,0.00,0.13,0.06,0.19,0.13,0.19,Matches
438,Anatolii Trubin,GK,ua Ukraine,22,2001,2,2,180,2.0,0,0,0,0,0,0,0,0,0.0,0.0,0.0,0.0,0,0,0,0.00,0.00,0.00,0.00,0.00,0.00,0.00,0.00,0.00,0.00,Matches
439,Heorhii Tsitaishvili,"DF,MF",ge Georgia,23,2000,4,2,190,2.1,0,0,0,0,0,0,0,0,0.2,0.2,0.1,0.3,5,3,15,0.00,0.00,0.00,0.00,0.00,0.08,0.07,0.15,0.08,0.15,Matches
440,Viktor Tsyhankov,FW,ua Ukraine,26,1997,1,1,62,0.7,0,0,0,0,0,0,0,0,0.1,0.1,0.0,0.1,2,1,6,0.00,0.00,0.00,0.00,0.00,0.19,0.00,0.19,0.19,0.19,Matches
441,Ľubomír Tupta,MF,sk Slovakia,25,1998,1,0,12,0.1,0,0,0,0,0,0,0,0,0.0,0.0,0.0,0.0,0,0,1,0.00,0.00,0.00,0.00,0.00,,,,,,Matches
442,Oleksandr Tymchyk,DF,ua Ukraine,27,1997,3,2,199,2.2,0,0,0,0,0,0,0,0,0.0,0.0,0.0,0.0,5,7,11,0.00,0.00,0.00,0.00,0.00,0.00,0.01,0.01,0.00,0.01,Matches
443,Deniz Undav,MF,de Germany,27,1996,1,0,7,0.1,0,0,0,0,0,0,1,0,0.0,0.0,0.0,0.0,0,0,0,0.00,0.00,0.00,0.00,0.00,0.00,0.00,0.00,0.00,0.00,Matches
444,Dayot Upamecano,DF,fr France,25,1998,6,6,570,6.3,0,0,0,0,0,0,0,0,0.3,0.3,0.1,0.3,3,28,2,0.00,0.00,0.00,0.00,0.00,0.05,0.01,0.06,0.05,0.06,Matches
445,Kacper Urbanski,"FW,MF",pl Poland,19,2004,3,2,148,1.6,0,0,0,0,0,0,0,0,0.1,0.1,0.1,0.2,4,3,4,0.00,0.00,0.00,0.00,0.00,0.08,0.03,0.11,0.08,0.11,Matches
446,Virgil van Dijk,DF,nl Netherlands,32,1991,6,6,540,6.0,0,0,0,0,0,0,2,0,0.5,0.5,0.1,0.6,0,20,0,0.00,0.00,0.00,0.00,0.00,0.08,0.02,0.10,0.08,0.10,Matches
447,Vladyslav Vanat,FW,ua Ukraine,22,2002,1,0,21,0.2,0,0,0,0,0,0,0,0,0.0,0.0,0.0,0.0,0,0,2,0.00,0.00,0.00,0.00,0.00,0.00,0.00,0.00,0.00,0.00,Matches
448,Barnabás Varga,FW,hu Hungary,30,1994,3,3,249,2.8,1,0,1,1,0,0,1,0,1.2,1.2,0.1,1.3,1,7,11,0.36,0.00,0.36,0.36,0.36,0.44,0.03,0.47,0.44,0.47,Matches
449,Ruben Vargas,"MF,FW",ch Switzerland,25,1998,5,4,306,3.4,1,1,2,1,0,0,0,0,0.7,0.7,1.1,1.8,13,12,21,0.29,0.29,0.59,0.29,0.59,0.20,0.32,0.53,0.20,0.53,Matches
450,Denis Vavro,DF,sk Slovakia,27,1996,4,4,390,4.3,0,0,0,0,0,0,1,0,0.0,0.0,0.0,0.0,1,15,2,0.00,0.00,0.00,0.00,0.00,0.01,0.00,0.01,0.01,0.01,Matches
451,Joey Veerman,MF,nl Netherlands,25,1998,6,2,209,2.3,0,0,0,0,0,0,1,0,0.2,0.2,0.3,0.4,1,17,1,0.00,0.00,0.00,0.00,0.00,0.07,0.13,0.19,0.07,0.19,Matches
452,Miloš Veljković,DF,rs Serbia,28,1995,3,3,270,3.0,0,0,0,0,0,0,0,0,0.0,0.0,0.0,0.0,5,27,3,0.00,0.00,0.00,0.00,0.00,0.00,0.00,0.00,0.00,0.00,Matches
453,Micky van de Ven,DF,nl Netherlands,22,2001,4,0,70,0.8,0,0,0,0,0,0,0,0,0.0,0.0,0.0,0.0,1,2,2,0.00,0.00,0.00,0.00,0.00,0.00,0.00,0.00,0.00,0.00,Matches
454,Benjamin Verbič,MF,si Slovenia,30,1993,3,0,74,0.8,0,0,0,0,0,0,0,0,0.0,0.0,0.1,0.2,2,1,3,0.00,0.00,0.00,0.00,0.00,0.05,0.27,0.31,0.05,0.31,Matches
455,Bart Verbruggen,GK,nl Netherlands,21,2002,6,6,540,6.0,0,0,0,0,0,0,0,0,0.0,0.0,0.0,0.0,0,0,0,0.00,0.00,0.00,0.00,0.00,0.00,0.00,0.00,0.00,0.00,Matches
456,Jan Vertonghen,DF,be Belgium,36,1987,3,3,270,3.0,0,0,0,0,0,0,1,0,0.1,0.1,0.0,0.1,0,3,1,0.00,0.00,0.00,0.00,0.00,0.03,0.00,0.03,0.03,0.03,Matches
457,Jannik Vestergaard,DF,dk Denmark,31,1992,4,4,360,4.0,0,0,0,0,0,0,1,0,0.3,0.3,0.0,0.3,1,15,2,0.00,0.00,0.00,0.00,0.00,0.07,0.00,0.07,0.07,0.07,Matches
458,Žan Vipotnik,FW,si Slovenia,21,2002,1,0,15,0.2,0,0,0,0,0,0,1,0,0.0,0.0,0.0,0.0,0,0,0,0.00,0.00,0.00,0.00,0.00,0.00,0.00,0.00,0.00,0.00,Matches
459,Vitinha,MF,pt Portugal,23,2000,4,4,358,4.0,0,0,0,0,0,0,0,0,0.6,0.6,0.1,0.8,7,28,9,0.00,0.00,0.00,0.00,0.00,0.16,0.03,0.19,0.16,0.19,Matches
460,Daniel Vivian,DF,es Spain,24,1999,2,1,123,1.4,0,0,0,0,0,0,1,0,0.0,0.0,0.0,0.0,0,10,1,0.00,0.00,0.00,0.00,0.00,0.03,0.00,0.03,0.03,0.03,Matches
461,Dušan Vlahović,"MF,FW",rs Serbia,24,2000,3,2,177,2.0,0,0,0,0,0,0,0,0,0.2,0.2,0.0,0.2,1,2,8,0.00,0.00,0.00,0.00,0.00,0.12,0.00,0.12,0.12,0.12,Matches
462,Stefan de Vrij,DF,nl Netherlands,31,1992,6,6,540,6.0,1,0,1,1,0,0,0,0,0.3,0.3,0.0,0.3,2,26,2,0.17,0.00,0.17,0.17,0.17,0.05,0.00,0.05,0.05,0.05,Matches
463,Kyle Walker,DF,eng England,33,1990,7,7,690,7.7,0,0,0,0,0,0,0,0,0.0,0.0,0.1,0.1,14,50,24,0.00,0.00,0.00,0.00,0.00,0.00,0.01,0.01,0.00,0.01,Matches
464,Ollie Watkins,FW,eng England,28,1995,3,0,62,0.7,1,0,1,1,0,0,1,0,0.3,0.3,0.0,0.3,0,0,2,1.45,0.00,1.45,1.45,1.45,0.45,0.00,0.45,0.45,0.45,Matches
465,Wout Weghorst,FW,nl Netherlands,31,1992,6,0,138,1.5,1,1,2,1,0,0,1,0,0.6,0.6,0.3,0.9,0,0,8,0.65,0.65,1.30,0.65,1.30,0.42,0.17,0.60,0.42,0.60,Matches
466,Andreas Weimann,FW,at Austria,32,1991,1,0,1,0.0,0,0,0,0,0,0,0,0,0.0,0.0,0.0,0.0,0,0,0,0.00,0.00,0.00,0.00,0.00,0.00,0.00,0.00,0.00,0.00,Matches
467,Silvan Widmer,DF,ch Switzerland,30,1993,4,3,299,3.3,0,0,0,0,0,0,3,0,0.3,0.3,0.0,0.3,2,3,15,0.00,0.00,0.00,0.00,0.00,0.10,0.01,0.11,0.10,0.11,Matches
468,Georginio Wijnaldum,MF,nl Netherlands,33,1990,3,0,73,0.8,0,0,0,0,0,0,0,0,0.0,0.0,0.0,0.0,0,2,1,0.00,0.00,0.00,0.00,0.00,0.00,0.00,0.00,0.00,0.00,Matches
469,Nico Williams,FW,es Spain,21,2002,6,6,492,5.5,2,1,3,2,0,0,0,0,1.0,1.0,1.6,2.6,31,21,67,0.37,0.18,0.55,0.37,0.55,0.18,0.30,0.47,0.18,0.47,Matches
470,Patrick Wimmer,"FW,MF",at Austria,22,2001,3,1,138,1.5,0,0,0,0,0,0,2,0,0.2,0.2,0.1,0.2,5,4,10,0.00,0.00,0.00,0.00,0.00,0.11,0.04,0.15,0.11,0.15,Matches
471,Jonas Wind,FW,dk Denmark,24,1999,4,3,193,2.1,0,1,1,0,0,0,1,0,0.5,0.5,0.8,1.2,0,2,21,0.00,0.47,0.47,0.00,0.47,0.21,0.37,0.58,0.21,0.58,Matches
472,Florian Wirtz,"FW,MF",de Germany,20,2003,5,3,279,3.1,2,0,2,2,0,0,1,0,0.6,0.6,0.8,1.4,17,20,34,0.65,0.00,0.65,0.65,0.65,0.23,0.27,0.50,0.23,0.50,Matches
473,Maximilian Wöber,DF,at Austria,25,1998,3,2,175,1.9,0,0,0,0,0,0,1,0,0.0,0.0,0.1,0.1,2,7,2,0.00,0.00,0.00,0.00,0.00,0.00,0.07,0.07,0.00,0.07,Matches
474,Granit Xhaka,MF,ch Switzerland,31,1992,5,5,480,5.3,0,0,0,0,0,0,1,0,0.2,0.2,0.4,0.6,8,36,7,0.00,0.00,0.00,0.00,0.00,0.04,0.07,0.11,0.04,0.11,Matches
475,Lamine Yamal,FW,es Spain,16,2007,7,6,503,5.6,1,4,5,1,0,0,1,0,1.8,1.8,2.7,4.5,31,23,44,0.18,0.72,0.89,0.18,0.89,0.33,0.48,0.81,0.33,0.81,Matches
476,Roman Yaremchuk,FW,ua Ukraine,28,1995,3,1,121,1.3,1,0,1,1,0,0,1,0,0.4,0.4,0.1,0.6,3,3,11,0.74,0.00,0.74,0.74,0.74,0.33,0.11,0.44,0.33,0.44,Matches
477,Andriy Yarmolenko,"FW,MF",ua Ukraine,34,1989,3,1,104,1.2,0,0,0,0,0,0,0,0,0.5,0.5,0.0,0.5,4,6,11,0.00,0.00,0.00,0.00,0.00,0.42,0.00,0.42,0.42,0.42,Matches
478,Yusuf Yazıcı,"MF,FW",tr Türkiye,27,1997,2,0,57,0.6,0,0,0,0,0,0,0,0,0.2,0.2,0.0,0.2,0,3,2,0.00,0.00,0.00,0.00,0.00,0.28,0.00,0.28,0.28,0.28,Matches
479,Kenan Yıldız,"FW,MF",tr Türkiye,18,2005,5,4,345,3.8,0,0,0,0,0,0,1,0,0.7,0.7,0.1,0.8,12,6,23,0.00,0.00,0.00,0.00,0.00,0.18,0.02,0.20,0.18,0.20,Matches
480,Okay Yokuşlu,"MF,DF",tr Türkiye,29,1994,3,0,55,0.6,0,0,0,0,0,0,0,0,0.0,0.0,0.0,0.0,0,2,0,0.00,0.00,0.00,0.00,0.00,0.08,0.00,0.08,0.08,0.08,Matches
481,İsmail Yüksek,MF,tr Türkiye,25,1999,3,2,152,1.7,0,1,1,0,0,0,2,0,0.1,0.1,0.1,0.2,2,4,2,0.00,0.59,0.59,0.00,0.59,0.04,0.09,0.12,0.04,0.12,Matches
482,Illia Zabarnyi,DF,ua Ukraine,21,2002,3,3,270,3.0,0,0,0,0,0,0,0,0,0.0,0.0,0.1,0.1,0,14,0,0.00,0.00,0.00,0.00,0.00,0.00,0.03,0.03,0.00,0.03,Matches
483,Mattia Zaccagni,"MF,FW",it Italy,28,1995,3,0,82,0.9,1,0,1,1,0,0,0,0,0.2,0.2,0.4,0.6,2,3,14,1.10,0.00,1.10,1.10,1.10,0.24,0.43,0.67,0.24,0.67,Matches
484,Denis Zakaria,MF,ch Switzerland,27,1996,1,0,23,0.3,0,0,0,0,0,0,0,0,0.0,0.0,0.0,0.0,0,0,0,0.00,0.00,0.00,0.00,0.00,,,,,,Matches
485,Nicola Zalewski,DF,pl Poland,22,2002,3,3,247,2.7,0,0,0,0,0,0,1,0,0.1,0.1,0.1,0.2,11,14,9,0.00,0.00,0.00,0.00,0.00,0.04,0.04,0.09,0.04,0.09,Matches
486,Piotr Zieliński,MF,pl Poland,29,1994,3,3,253,2.8,0,1,1,0,0,0,0,0,0.5,0.5,0.4,0.8,16,10,11,0.00,0.36,0.36,0.00,0.36,0.16,0.14,0.30,0.16,0.30,Matches
487,Oleksandr Zinchenko,DF,ua Ukraine,27,1996,3,2,213,2.4,0,1,1,0,0,0,0,0,0.0,0.0,0.2,0.3,3,11,6,0.00,0.42,0.42,0.00,0.42,0.02,0.10,0.12,0.02,0.12,Matches
488,Joshua Zirkzee,"FW,DF",nl Netherlands,22,2001,2,0,5,0.1,0,0,0,0,0,0,0,0,0.0,0.0,0.0,0.0,0,0,2,0.00,0.00,0.00,0.00,0.00,0.00,0.00,0.00,0.00,0.00,Matches
489,Andrija Živković,DF,rs Serbia,27,1996,3,3,244,2.7,0,0,0,0,0,0,0,0,0.0,0.0,0.7,0.7,8,12,16,0.00,0.00,0.00,0.00,0.00,0.00,0.24,0.24,0.00,0.24,Matches
490,Budu Zivzivadze,"FW,MF",ge Georgia,29,1994,2,0,18,0.2,0,0,0,0,0,0,0,0,0.1,0.1,0.0,0.1,0,1,1,0.00,0.00,0.00,0.00,0.00,0.45,0.00,0.45,0.45,0.45,Matches
491,Steven Zuber,MF,ch Switzerland,32,1991,2,0,77,0.9,0,0,0,0,0,0,0,0,0.2,0.2,0.0,0.2,0,2,7,0.00,0.00,0.00,0.00,0.00,0.39,0.04,0.42,0.39,0.42,Matches
492,Martín Zubimendi,MF,es Spain,24,1999,4,1,141,1.6,0,0,0,0,0,0,0,0,0.0,0.0,0.0,0.0,5,17,3,0.00,0.00,0.00,0.00,0.00,0.00,0.01,0.01,0.00,0.01,Matches
493,Oleksandr Zubkov,FW,ua Ukraine,27,1996,1,0,24,0.3,0,0,0,0,0,0,0,0,0.0,0.0,0.0,0.0,0,2,1,0.00,0.00,0.00,0.00,0.00,0.00,0.00,0.00,0.00,0.00,Matches
